customer_age,tenure_months,monthly_charge,plan,region,support_calls,churned
23,105,49.51,standard,south,2,0
65,7,88.16,premium,east,1,0
58,47,45.95,standard,east,0,0
45,54,64.27,standard,south,2,0
44,95,58.28,basic,north,2,0
71,15,73.29,premium,east,0,0
23,52,57.19,premium,north,1,0
61,18,64.58,basic,west,2,0
30,94,65.28,premium,west,3,1
23,75,55.31,basic,north,0,1
50,59,79.7,premium,south,1,0
78,47,74.77,premium,north,2,0
63,18,68.23,standard,south,1,1
65,110,61.39,basic,north,4,0
62,77,85.93,standard,west,3,0
66,38,65.28,basic,north,0,0
49,49,63.87,standard,east,1,0
25,87,72.09,basic,east,4,0
70,86,103.93,standard,north,1,1
45,55,43.19,premium,west,1,0
49,36,85.4,basic,north,1,0
40,79,32.14,basic,west,1,1
29,78,74.35,standard,east,1,0
75,71,101.5,basic,east,2,0
66,8,79.77,basic,west,0,0
57,56,73.41,basic,south,3,0
42,73,58.79,basic,south,3,0
69,114,70.62,standard,north,1,0
51,63,64.96,standard,west,1,1
45,41,54.28,basic,south,4,1
45,66,64.2,basic,west,2,1
32,21,73.97,basic,south,2,0
23,10,54.66,basic,west,1,0
52,81,53.87,standard,west,1,0
73,118,42.8,basic,south,1,0
21,101,77.81,standard,south,0,0
71,70,80.91,premium,west,3,1
69,4,74.63,standard,north,2,1
35,118,89.3,standard,north,3,0
57,53,71.76,basic,south,5,1
28,34,77.84,basic,east,1,0
65,107,76.08,basic,north,0,0
61,89,68.17,standard,south,2,0
39,89,59.38,premium,west,3,1
22,33,114.28,basic,north,0,0
78,119,60.96,basic,north,1,0
45,54,56.68,basic,south,2,0
73,63,78.68,standard,north,2,0
60,90,75.04,standard,north,0,0
66,79,41.9,standard,north,3,1
65,20,92.45,premium,north,2,0
30,36,68.12,basic,west,0,0
40,43,47.78,standard,north,1,1
46,113,93.78,standard,east,1,0
48,85,82.51,basic,east,2,0
20,43,44.71,premium,east,2,0
51,88,105.54,basic,east,1,0
27,88,83.18,standard,south,3,0
64,47,69.8,standard,west,1,0
60,48,101.8,premium,north,3,0
75,107,73.19,standard,north,0,0
64,67,69.44,basic,west,0,0
40,17,56.79,premium,north,3,0
77,86,81.64,standard,north,2,0
43,70,79.53,standard,north,2,1
38,61,70.29,standard,north,0,0
74,87,54.2,basic,north,0,1
40,108,72.6,standard,east,0,0
22,39,68.6,premium,east,1,0
47,50,43.33,basic,north,1,1
67,22,40.56,basic,west,0,0
29,77,81.3,premium,north,1,1
46,48,17.96,standard,east,2,0
26,41,74.11,premium,west,0,0
60,83,60.44,basic,east,2,0
47,48,96.16,premium,south,2,0
38,55,60.13,basic,north,2,1
32,52,83.19,standard,north,5,0
52,31,62.06,basic,west,3,0
59,15,72.27,standard,south,3,1
76,99,84.74,premium,north,3,0
45,11,60.75,standard,east,3,1
27,38,89.93,standard,east,1,0
69,80,50.13,basic,north,1,1
57,15,75.89,standard,north,4,0
61,78,88.45,standard,north,1,1
24,87,83.2,basic,north,2,1
37,79,108.33,standard,east,3,0
65,36,54.73,premium,north,0,0
69,2,42.42,standard,east,0,1
44,106,50.11,standard,north,3,0
67,39,83.21,basic,west,1,0
70,96,79.96,standard,east,1,0
42,23,72.05,basic,south,1,0
73,19,47.54,basic,south,3,0
35,93,85.34,basic,north,3,0
32,112,45.51,basic,north,2,0
60,103,93.18,basic,east,1,0
57,90,127.15,standard,north,1,0
26,29,77.33,basic,east,1,0
69,109,81.66,basic,south,1,0
30,80,60.14,basic,north,1,0
67,20,33.8,standard,east,0,0
18,15,57.95,basic,east,3,0
67,104,48.14,basic,east,0,0
66,33,41.06,standard,north,0,0
66,91,104.45,basic,east,3,0
59,16,75.46,premium,west,2,1
47,33,77.59,basic,south,1,1
61,34,63.82,basic,west,2,1
35,33,66.54,basic,east,3,1
66,80,89.29,standard,south,0,0
52,109,69.35,basic,west,2,1
46,109,80.61,premium,west,1,1
49,88,66.08,basic,north,1,0
53,24,63.16,standard,west,1,1
20,115,41.86,basic,north,1,0
26,65,30.45,basic,north,0,1
33,65,64.77,basic,north,0,0
25,84,71.13,standard,south,3,0
45,92,44.28,basic,west,1,0
59,114,69.31,premium,east,1,0
58,69,71.08,standard,east,4,0
47,73,26.88,premium,north,0,0
71,89,51.7,basic,east,0,0
53,30,78.15,standard,south,3,0
22,36,77.74,standard,south,3,0
65,75,46.93,standard,south,0,0
53,7,73.17,premium,north,0,0
57,38,90.45,standard,west,2,0
53,86,85.54,premium,east,1,1
52,117,68.09,standard,south,1,0
23,62,60.64,basic,north,0,1
52,47,57.41,standard,west,2,0
67,52,79.36,basic,south,0,0
36,82,73.9,premium,south,1,0
55,65,82.59,premium,east,0,1
19,2,72.64,basic,north,0,0
39,64,86.38,basic,east,3,0
45,48,71.89,basic,west,3,0
78,84,85.69,basic,south,1,0
31,105,87.42,basic,north,2,0
35,115,53.91,standard,north,3,0
43,73,33.84,standard,north,2,0
79,43,100.87,premium,east,3,0
70,53,75.13,basic,south,2,1
20,21,35.71,standard,north,0,1
32,112,55.72,basic,east,0,1
68,101,85.44,premium,north,1,0
21,102,64.41,basic,south,1,0
71,39,59.76,basic,west,1,0
35,38,98.02,basic,north,4,0
74,102,49.05,premium,north,0,0
36,65,54.04,basic,south,0,0
44,84,74.23,standard,east,1,1
59,58,77.81,standard,north,1,0
25,53,79.93,standard,west,4,0
52,75,88.22,basic,north,0,0
49,97,73.97,basic,west,2,0
66,40,79.79,basic,east,2,0
79,97,64.82,basic,north,1,0
59,29,71.25,standard,north,4,0
43,48,72.15,basic,north,0,0
43,109,74.3,basic,south,2,0
43,114,85.45,basic,south,0,0
68,110,81.1,standard,east,2,0
37,37,70.88,basic,south,0,0
28,101,53.82,standard,east,0,0
38,112,71.35,basic,south,2,0
19,117,69.44,premium,south,2,0
24,2,73.86,standard,south,1,1
23,89,114.13,basic,south,1,1
65,119,59.52,basic,west,2,1
62,91,78.45,basic,north,3,0
61,27,91.37,basic,south,1,1
46,91,71.96,basic,west,0,1
62,12,116.76,premium,east,0,0
27,57,62.44,standard,north,0,0
73,75,76.48,basic,west,3,1
49,54,54.02,standard,north,2,0
76,83,62.97,basic,north,2,0
27,28,74.98,premium,south,2,0
48,72,86.93,basic,east,2,0
61,77,76.38,standard,north,4,0
48,76,95.18,standard,west,1,0
45,34,68.1,basic,north,3,0
28,36,63.36,basic,west,2,1
41,30,124.08,basic,north,0,0
32,55,77.88,premium,south,1,1
36,70,55.61,standard,east,0,1
60,43,56.11,standard,south,0,1
57,49,51.15,standard,east,1,0
55,34,88.73,premium,east,2,1
40,26,62.71,basic,east,0,0
77,78,72.55,standard,south,0,1
23,97,68.73,standard,west,1,0
39,34,84.63,basic,east,2,0
25,103,53.07,premium,south,1,0
39,68,48.49,basic,east,2,0
77,20,74.49,basic,west,3,0
40,43,82.02,premium,west,1,0
74,0,76.65,basic,east,0,1
48,4,53.81,basic,west,0,0
61,40,83.55,basic,west,2,0
46,54,55.12,standard,south,0,0
34,95,59.57,premium,east,2,0
65,16,51.12,basic,north,4,1
78,100,96.02,basic,south,0,0
34,28,82.67,basic,west,1,0
66,16,82.1,premium,south,1,0
34,83,94.94,basic,west,5,1
62,92,126.25,premium,south,1,0
66,72,35.82,premium,north,2,0
45,13,55.23,basic,north,0,1
63,13,57.68,premium,east,1,0
34,46,52.98,standard,south,1,0
22,54,48.45,standard,east,2,0
23,119,64.01,basic,north,0,0
45,34,45.67,premium,south,3,1
73,23,76.7,standard,north,5,1
25,113,71.03,standard,south,2,1
46,18,79.62,premium,west,6,1
61,3,80.15,basic,north,0,0
30,50,82.06,premium,east,2,0
62,48,62.53,premium,north,2,0
36,74,112.42,basic,east,2,0
68,105,74.69,basic,west,3,0
53,111,32.75,basic,south,1,0
51,34,49.95,premium,north,0,0
28,117,35.19,basic,east,1,0
46,75,70.35,standard,south,2,0
71,8,67.56,basic,west,4,0
19,112,60.63,basic,west,0,0
65,16,110.22,standard,east,0,1
48,70,80.98,basic,east,3,0
62,94,84.52,premium,east,0,0
59,29,51.38,basic,east,2,0
44,32,50.02,premium,south,1,0
37,57,70.74,basic,west,0,0
56,106,73.46,premium,south,1,0
26,26,32.87,standard,north,2,0
54,79,66.39,basic,east,1,0
23,54,70.28,basic,east,0,0
58,13,65.7,basic,west,3,1
56,85,53.73,standard,south,3,0
23,99,59.21,premium,south,1,0
64,69,66.46,basic,east,2,1
43,21,71.82,basic,south,3,0
66,18,82.1,standard,west,2,1
20,50,91.62,standard,south,1,1
29,60,64.11,standard,west,6,0
48,66,60.88,basic,south,0,0
29,29,78.75,standard,north,3,0
38,60,82.22,premium,west,1,0
58,35,61.32,basic,east,1,0
26,82,85.81,basic,east,1,1
60,95,89.59,basic,east,1,0
24,78,95.83,standard,south,1,1
28,0,105.57,basic,west,1,0
54,119,52.67,premium,south,2,0
67,2,70.28,standard,west,1,0
28,119,70.23,standard,south,0,0
36,3,68.04,standard,north,1,0
75,61,57.01,basic,north,3,1
79,12,40.29,premium,west,1,0
54,11,71.85,basic,east,0,0
45,82,54.63,standard,south,3,0
39,87,71.72,premium,west,0,0
55,14,54.12,standard,east,1,1
54,117,48.01,premium,east,2,0
36,38,74.69,basic,east,0,0
19,38,73.02,premium,north,1,0
27,35,81.59,standard,north,0,0
77,55,113.72,standard,east,2,0
43,21,75.55,basic,north,1,0
47,50,79.7,basic,east,2,1
46,25,48.45,standard,north,0,0
66,6,44.26,basic,south,2,0
22,44,101.66,standard,east,4,1
23,80,51.53,premium,east,1,0
35,91,49.12,premium,west,2,0
48,42,69.22,basic,east,4,1
59,38,68.2,premium,north,0,0
48,94,51.95,basic,west,1,0
45,81,63.9,basic,north,2,0
76,99,94.59,premium,north,1,0
27,108,53.88,basic,west,0,0
53,98,42.13,basic,north,3,0
51,112,88.85,basic,east,0,0
47,49,79.85,standard,south,0,0
68,47,57.59,premium,west,0,0
34,38,38.36,basic,north,3,0
77,28,55.11,basic,north,1,1
38,89,68.91,standard,south,2,1
51,85,93.31,basic,south,1,1
50,96,49.27,standard,west,3,1
70,20,68.31,premium,east,1,1
45,58,83.5,standard,north,2,1
35,26,22.37,premium,west,2,0
19,107,90.68,standard,south,1,0
40,32,46.35,premium,west,1,1
69,17,76.64,basic,west,0,0
18,68,74.93,basic,north,2,0
73,105,91.69,standard,east,0,0
51,109,81.02,basic,south,2,0
26,11,22.45,premium,south,1,0
36,39,54.3,standard,south,0,0
52,18,72.76,premium,east,2,1
37,36,66.1,basic,south,1,0
24,64,79.55,basic,north,3,0
59,33,85.79,standard,south,2,0
59,8,82.17,basic,north,2,1
25,61,65.71,standard,west,1,0
35,6,33.07,standard,east,1,0
33,27,60.89,premium,south,2,1
58,0,78.33,standard,south,2,1
63,10,48.19,basic,north,1,0
63,52,82.63,basic,south,2,1
76,102,88.17,standard,west,1,0
65,92,72.54,basic,north,1,1
37,11,10.0,basic,north,1,0
24,4,44.44,basic,west,1,0
56,40,107.72,basic,east,3,0
74,78,59.07,standard,north,1,0
78,89,30.32,basic,south,1,0
32,98,94.7,standard,east,1,0
32,41,70.27,basic,south,2,0
20,20,92.1,standard,south,0,0
26,3,75.54,basic,east,2,1
52,17,79.17,premium,east,0,0
51,7,77.26,basic,west,0,0
40,103,83.95,standard,north,2,0
37,32,115.55,basic,south,0,0
69,98,89.42,basic,north,1,0
46,66,38.39,basic,east,1,0
68,64,78.93,premium,east,4,0
77,54,92.83,premium,south,0,0
37,98,94.05,basic,east,2,0
30,5,61.47,basic,south,1,1
77,11,93.3,standard,north,0,0
57,50,88.55,standard,east,4,1
36,47,121.45,basic,south,0,0
56,65,55.0,standard,south,2,0
49,88,59.85,standard,south,0,0
74,70,63.88,standard,west,2,1
33,30,60.2,basic,north,4,1
79,39,52.2,basic,south,3,1
76,90,14.75,basic,east,1,0
29,24,61.31,standard,north,5,0
28,60,77.39,basic,north,3,0
51,64,60.14,standard,east,3,0
20,90,108.71,standard,east,0,0
36,85,70.27,standard,east,1,0
44,55,95.82,basic,north,1,1
78,37,75.23,basic,west,1,0
79,44,86.53,basic,south,0,0
27,49,75.58,standard,north,1,0
73,26,97.38,premium,south,0,1
23,75,71.12,basic,north,1,1
64,25,79.92,premium,south,1,0
70,77,77.33,basic,south,2,0
73,90,64.23,basic,south,1,0
31,115,78.1,basic,south,2,0
73,14,114.69,standard,west,4,1
25,91,64.59,basic,west,2,0
50,10,78.39,basic,south,1,0
47,40,95.16,standard,west,1,1
37,21,92.81,standard,west,1,0
19,19,70.23,basic,west,1,0
65,21,22.33,basic,north,3,0
38,5,80.33,standard,south,0,0
59,98,25.61,basic,south,1,0
43,7,99.4,basic,north,1,0
41,47,73.39,standard,north,6,0
72,83,89.99,basic,east,4,0
23,118,51.96,standard,south,6,0
63,102,38.95,basic,west,1,0
64,16,75.22,basic,east,1,1
41,118,69.33,basic,north,1,0
34,78,60.17,basic,west,3,0
18,21,71.69,basic,south,0,1
76,53,125.35,basic,east,4,0
76,110,86.69,premium,west,4,0
32,47,90.99,premium,east,0,1
19,22,86.88,basic,north,1,1
25,105,99.59,standard,north,2,0
22,114,66.2,standard,south,0,0
69,117,28.9,premium,north,2,0
73,114,66.23,basic,north,1,1
27,104,86.23,basic,west,3,0
64,54,50.6,basic,north,1,1
29,23,66.47,basic,north,1,0
40,74,56.16,basic,east,0,0
55,26,100.04,premium,north,2,1
62,56,84.99,premium,south,0,1
72,78,83.03,basic,west,1,0
20,113,82.43,basic,east,2,0
30,34,69.26,basic,west,1,0
35,30,73.95,basic,south,4,0
37,88,46.3,standard,east,5,0
79,0,26.27,basic,north,1,1
66,67,73.0,premium,south,2,0
37,89,76.48,premium,north,3,0
78,66,94.19,standard,west,0,1
48,46,101.43,standard,north,1,0
49,99,101.4,standard,north,2,0
44,44,50.04,basic,south,1,0
26,85,62.95,basic,south,2,1
75,55,79.61,standard,south,3,0
18,3,120.64,basic,south,1,0
28,63,99.6,premium,south,1,0
32,5,92.39,basic,west,2,1
35,111,62.24,basic,east,1,0
26,72,52.34,basic,west,1,0
19,44,85.78,premium,west,2,0
60,58,47.99,basic,east,1,0
78,74,65.23,basic,west,2,0
25,31,67.7,basic,north,0,0
36,34,101.86,standard,west,0,0
49,50,62.91,premium,south,3,1
75,31,21.22,basic,east,1,1
61,90,80.09,premium,north,2,0
65,12,56.02,basic,north,2,1
54,99,70.85,standard,west,0,0
43,41,68.27,basic,south,2,0
30,67,64.53,basic,north,2,0
71,18,85.81,standard,east,2,1
67,46,39.34,standard,north,2,0
19,90,59.66,basic,south,2,0
62,32,83.68,premium,east,4,0
23,15,57.72,premium,east,2,0
63,62,37.82,basic,south,2,1
69,19,83.37,standard,south,1,1
26,37,92.46,standard,west,1,0
44,54,69.1,basic,north,1,0
25,67,30.78,premium,north,0,0
53,76,84.12,basic,north,1,0
75,81,36.8,standard,west,2,0
23,101,76.18,basic,south,4,0
42,7,52.25,basic,north,1,1
78,43,46.8,standard,north,1,1
36,0,61.16,standard,north,1,1
26,1,66.33,premium,west,2,0
48,25,57.12,premium,south,1,0
49,71,81.77,basic,north,3,1
59,107,61.08,basic,north,1,0
37,92,89.6,basic,east,3,1
77,77,75.62,basic,east,1,0
50,93,56.05,basic,west,2,1
35,20,52.68,premium,north,2,0
77,100,37.05,standard,north,2,1
75,106,75.81,basic,north,2,1
48,11,62.91,basic,south,4,0
19,56,22.56,standard,east,1,0
55,99,59.29,basic,east,0,0
52,57,51.98,basic,north,2,0
27,100,101.51,basic,east,1,0
57,112,35.94,basic,east,1,0
70,56,41.17,basic,north,4,0
24,7,92.2,standard,east,1,0
62,40,97.14,basic,south,0,0
26,25,55.1,standard,north,2,1
64,56,57.36,standard,south,2,0
43,70,82.32,premium,west,2,1
18,55,23.46,basic,east,0,0
77,23,32.78,basic,south,1,0
28,36,64.39,basic,west,2,0
54,81,101.0,basic,south,0,0
29,3,61.29,basic,south,3,1
75,25,72.02,standard,north,3,1
63,107,92.68,basic,west,0,0
67,11,112.14,basic,west,4,0
44,49,58.46,basic,north,0,0
46,24,69.66,standard,east,0,0
57,12,106.44,premium,west,1,0
66,50,39.56,standard,east,1,0
70,62,90.55,standard,north,3,0
19,21,49.63,standard,west,1,1
59,9,72.05,standard,south,2,1
24,16,65.15,basic,south,0,0
35,78,50.84,standard,south,5,1
69,103,50.34,standard,west,2,0
33,21,75.53,basic,east,0,0
67,38,89.91,standard,east,2,0
46,41,67.41,basic,west,1,0
32,43,71.4,standard,west,2,0
38,29,81.42,basic,west,2,1
50,6,50.57,standard,west,1,0
65,63,84.79,premium,west,0,0
55,42,86.39,basic,west,2,0
75,41,122.07,basic,east,1,0
71,31,62.48,basic,north,2,0
64,111,60.84,basic,north,2,0
55,73,85.38,premium,west,1,0
35,50,86.38,basic,south,2,1
43,24,59.3,basic,west,0,0
25,96,61.94,basic,west,2,0
41,106,80.82,premium,east,2,0
75,3,53.45,basic,west,3,0
44,111,61.79,standard,south,1,0
25,83,71.79,basic,south,3,0
58,11,89.92,basic,west,1,1
77,90,57.91,standard,west,1,0
71,12,33.15,basic,north,2,0
34,6,31.67,standard,west,3,0
46,13,44.81,basic,south,0,0
50,55,43.74,standard,west,1,0
33,74,66.91,standard,east,1,1
34,48,46.22,standard,east,2,0
32,14,55.94,basic,north,2,0
79,23,54.52,standard,south,2,0
64,102,61.19,premium,east,3,0
70,115,96.45,basic,west,0,0
68,90,83.24,basic,north,0,0
77,12,70.32,premium,north,3,1
24,98,60.78,basic,east,3,0
72,83,61.34,standard,south,1,0
22,63,76.55,standard,west,0,0
47,17,81.68,basic,north,2,0
54,119,51.85,standard,south,2,0
40,53,70.73,standard,north,2,0
27,5,29.37,basic,east,2,0
29,25,74.23,premium,west,2,0
69,48,85.24,basic,north,3,0
37,7,64.4,basic,south,2,1
37,38,106.33,premium,west,1,1
75,56,52.38,basic,north,2,0
26,113,74.35,premium,west,2,0
74,10,69.28,basic,west,1,0
75,69,67.99,basic,north,1,0
55,109,67.71,basic,north,3,0
28,96,72.14,standard,east,2,0
27,110,86.96,standard,north,4,1
35,20,97.55,premium,east,4,1
53,96,69.95,premium,north,1,0
27,117,86.31,standard,east,0,0
46,39,55.96,standard,south,4,0
25,59,85.32,standard,east,2,0
51,63,54.76,premium,west,2,0
19,59,91.81,standard,south,1,0
61,34,114.21,premium,east,2,0
21,116,67.56,basic,east,0,0
30,114,26.15,basic,west,4,0
28,45,59.04,standard,north,2,0
69,96,94.64,basic,north,2,0
21,47,81.06,basic,south,2,0
44,95,74.98,premium,east,2,0
54,70,90.17,basic,west,2,0
49,56,79.69,basic,south,0,0
60,15,94.35,basic,north,1,1
67,78,88.39,basic,east,0,0
42,38,100.43,standard,east,5,1
69,26,77.18,premium,south,3,0
37,23,88.11,premium,north,1,0
79,117,63.86,standard,west,1,0
49,12,57.97,standard,west,2,1
63,95,104.14,basic,east,0,0
72,103,74.32,premium,east,1,1
67,3,86.1,basic,south,2,0
70,70,72.47,basic,south,1,0
51,69,58.27,premium,north,0,0
20,43,70.22,premium,north,5,0
48,80,98.72,basic,south,2,0
29,49,81.1,standard,south,3,1
73,52,35.77,basic,north,1,0
32,51,65.7,basic,west,2,0
32,96,105.65,basic,south,0,0
33,75,65.72,basic,east,1,1
57,45,33.99,standard,south,2,0
53,111,107.86,basic,south,1,0
76,96,83.65,standard,west,3,0
43,111,68.6,basic,east,2,1
35,87,62.57,premium,west,2,0
21,46,91.65,standard,south,1,1
18,92,59.16,premium,south,2,0
41,39,92.97,basic,south,1,0
75,32,80.84,standard,east,4,0
50,54,74.89,premium,south,1,1
73,116,72.91,basic,south,0,0
24,68,66.5,basic,north,2,0
23,46,90.91,basic,east,0,0
69,55,52.69,basic,east,1,0
24,34,37.56,basic,east,1,0
21,79,82.29,basic,west,0,0
43,42,82.62,basic,west,2,0
75,66,79.6,standard,west,2,1
60,44,78.15,basic,north,3,0
24,38,63.59,basic,west,3,1
69,116,85.75,standard,south,2,0
70,41,69.09,basic,south,2,0
67,8,60.26,basic,south,1,0
73,45,63.76,basic,south,1,0
32,63,110.41,basic,west,4,0
78,11,35.3,basic,east,4,1
37,36,80.0,basic,west,0,0
67,19,36.42,basic,west,1,0
53,60,67.84,premium,south,0,0
66,86,61.33,premium,east,1,1
56,116,28.3,basic,east,1,0
57,46,77.78,basic,south,2,1
56,103,62.4,basic,east,1,0
66,25,28.02,premium,east,2,0
63,93,86.79,premium,west,2,0
26,67,98.7,basic,west,3,1
69,90,99.8,basic,east,1,1
51,90,77.18,basic,west,0,1
38,63,70.92,premium,north,2,0
49,30,96.56,premium,west,1,0
77,63,103.65,basic,south,1,0
71,99,92.67,standard,south,0,0
69,116,51.17,basic,west,0,0
46,111,74.03,standard,south,2,0
66,21,78.79,premium,west,0,0
41,71,33.81,basic,south,3,0
60,12,79.39,basic,south,3,1
57,80,115.46,standard,south,2,0
33,119,82.8,basic,south,2,0
34,6,99.47,premium,west,3,0
21,78,73.66,basic,north,1,0
26,113,68.54,premium,east,1,0
44,101,77.63,basic,west,1,0
47,47,53.68,basic,south,0,0
28,12,50.72,basic,east,2,0
43,110,95.33,basic,south,1,0
55,110,97.45,basic,north,2,0
32,69,50.18,standard,east,2,0
38,117,89.36,basic,west,2,0
40,0,68.26,basic,east,1,1
49,73,76.8,basic,south,0,0
40,4,79.2,basic,north,2,1
63,112,89.89,premium,west,1,0
38,81,71.65,premium,west,2,0
44,109,98.2,basic,west,2,0
41,67,76.19,standard,south,2,0
29,9,82.48,standard,east,2,0
60,3,53.33,premium,south,0,1
32,40,113.17,basic,north,4,1
36,89,79.4,basic,north,0,0
67,18,84.26,basic,south,3,0
76,102,37.84,premium,east,0,0
59,28,53.55,standard,north,1,1
74,59,94.76,basic,east,0,0
70,24,75.74,basic,south,2,1
47,55,31.72,standard,west,0,1
65,54,90.77,premium,south,0,0
38,0,59.12,basic,north,2,1
46,68,98.23,standard,south,1,1
51,94,68.24,basic,west,0,0
77,112,74.09,basic,south,1,0
70,39,93.58,standard,east,0,0
48,105,52.05,standard,west,1,0
58,105,50.14,premium,south,1,0
30,118,66.07,basic,east,0,1
67,44,86.54,basic,north,0,0
52,102,43.38,basic,south,2,0
51,67,36.64,basic,south,2,0
65,6,86.47,basic,east,0,0
57,32,57.94,basic,west,0,0
22,80,62.16,basic,south,0,0
35,19,32.86,basic,south,1,0
28,52,56.42,basic,west,3,0
63,92,69.85,standard,south,3,0
20,17,88.61,basic,east,0,1
30,59,54.58,standard,east,1,1
55,25,103.15,premium,north,1,0
61,64,56.31,standard,west,2,0
49,28,56.34,basic,south,1,1
71,115,100.75,basic,east,2,0
74,9,74.23,standard,south,1,0
26,115,58.96,standard,west,2,0
77,95,66.9,basic,east,4,0
56,102,97.06,basic,north,3,0
57,102,99.32,standard,north,1,1
23,22,53.66,basic,west,0,0
56,111,69.15,standard,east,1,0
62,71,71.8,basic,south,1,0
54,115,50.28,basic,north,1,0
23,105,68.89,premium,north,1,0
50,69,70.11,basic,west,3,1
76,44,92.8,standard,west,0,0
62,14,94.15,basic,south,4,1
26,12,63.42,basic,north,3,0
77,46,65.72,premium,south,1,0
77,97,83.29,basic,north,2,0
28,60,58.3,basic,east,1,0
67,57,81.77,premium,east,1,0
43,29,68.24,standard,west,3,1
54,67,50.61,standard,south,3,1
45,76,50.86,basic,north,1,0
66,117,98.94,basic,north,1,0
79,87,66.87,standard,south,1,1
67,72,102.81,basic,east,0,0
75,109,59.73,basic,north,2,0
76,50,75.82,standard,west,8,1
23,112,117.85,basic,south,4,1
33,44,48.85,basic,west,2,0
62,15,32.04,basic,south,4,1
54,50,95.73,basic,north,1,0
21,15,53.46,standard,north,1,1
23,14,69.59,premium,east,1,0
50,105,58.28,basic,east,0,0
56,95,75.36,basic,west,2,1
28,26,50.99,standard,west,1,0
28,100,66.4,basic,north,0,0
26,8,79.0,basic,south,0,0
53,34,49.83,premium,north,4,0
18,84,56.0,standard,north,3,0
53,36,63.05,basic,north,0,0
47,87,41.42,premium,north,2,0
46,104,61.55,basic,east,2,0
60,7,72.38,premium,north,0,0
50,2,62.01,standard,north,0,0
63,112,64.57,standard,north,2,1
65,62,69.6,premium,east,0,0
75,60,56.89,standard,east,1,1
67,55,83.82,basic,west,1,1
50,52,98.72,basic,north,3,0
48,82,60.71,standard,north,1,0
32,69,79.7,standard,south,2,1
55,19,65.21,basic,east,0,0
26,75,77.31,standard,north,3,0
75,80,101.32,standard,north,0,0
70,13,80.17,basic,south,1,0
25,45,34.53,basic,north,0,1
66,94,79.08,basic,south,2,1
25,74,94.66,basic,west,3,0
62,16,65.57,basic,east,1,1
23,4,89.91,basic,south,1,0
48,69,56.2,basic,south,1,0
58,55,40.29,basic,west,0,0
63,115,72.82,standard,east,4,0
43,62,34.87,basic,east,2,0
75,111,65.2,premium,west,1,0
66,25,95.74,premium,north,2,1
30,53,31.8,standard,north,1,0
59,16,44.41,premium,south,1,1
63,68,49.36,premium,south,3,0
38,22,68.73,basic,north,0,0
63,59,62.69,standard,north,1,0
73,41,97.98,basic,west,3,1
68,22,89.09,standard,east,1,0
65,11,79.91,basic,east,1,1
57,61,72.91,basic,north,3,1
34,113,77.86,basic,south,0,1
67,23,52.76,premium,east,2,0
40,48,87.14,basic,east,0,0
50,26,47.76,basic,east,0,0
37,97,86.71,basic,east,3,0
37,49,93.72,basic,south,2,1
27,116,74.22,premium,west,1,0
77,29,66.48,standard,south,2,1
27,9,78.01,basic,north,2,1
23,69,12.77,basic,west,0,0
76,78,76.05,basic,north,1,1
52,118,67.73,basic,south,2,1
45,104,68.99,premium,north,1,0
63,106,84.13,standard,north,1,1
41,76,68.5,basic,south,3,0
25,43,47.2,standard,north,1,0
63,51,67.17,basic,south,1,0
28,16,71.35,standard,west,0,0
52,51,72.3,standard,north,3,0
76,43,73.24,standard,west,3,0
76,4,90.79,standard,south,1,0
40,24,48.28,premium,east,1,1
66,64,73.51,basic,south,2,1
55,44,95.8,basic,south,0,0
47,119,35.31,basic,north,1,0
26,57,73.59,standard,east,5,0
41,115,58.29,standard,west,1,1
58,79,62.59,standard,east,0,0
79,4,51.9,standard,east,0,0
18,24,66.61,basic,east,1,0
62,84,106.83,standard,south,2,1
70,65,44.71,standard,north,3,1
76,36,46.61,basic,east,3,0
44,62,43.96,basic,west,2,0
25,108,104.55,basic,south,4,1
34,46,60.75,basic,west,2,1
70,5,69.49,standard,west,0,0
72,37,61.94,premium,north,2,0
57,112,51.11,standard,east,2,0
25,91,65.3,basic,east,2,0
25,100,119.16,standard,south,0,0
47,109,97.84,standard,east,0,0
54,14,52.94,basic,west,0,0
20,33,82.95,premium,east,1,0
60,7,53.37,basic,west,1,1
51,0,34.47,basic,west,1,0
18,100,90.39,basic,west,2,1
23,112,93.2,basic,west,5,1
46,18,90.92,premium,north,1,0
62,86,60.6,basic,north,5,1
69,64,66.66,basic,north,1,1
44,8,85.0,basic,north,2,0
36,109,77.83,basic,east,0,0
78,104,62.13,basic,east,1,0
46,68,37.62,basic,south,2,0
37,84,72.28,standard,north,2,1
45,47,91.58,basic,east,1,0
18,95,46.05,standard,south,1,0
36,53,82.78,basic,west,0,1
49,118,76.63,standard,north,0,0
74,7,85.0,premium,south,0,0
63,20,87.44,basic,north,1,0
66,116,56.11,basic,south,2,0
51,34,37.66,premium,west,1,0
24,37,59.33,basic,south,0,0
42,94,87.78,standard,south,0,0
79,22,59.16,basic,south,2,0
20,61,56.12,basic,south,2,0
72,34,33.57,standard,east,2,0
60,23,105.05,premium,west,2,0
35,115,86.51,basic,east,2,0
66,23,85.4,standard,east,2,1
69,11,89.35,standard,south,1,0
20,80,81.53,basic,north,1,0
24,104,65.11,basic,east,3,0
59,15,66.72,basic,west,5,1
79,84,61.45,basic,east,1,0
19,64,122.69,standard,north,1,0
59,99,81.12,basic,east,2,0
26,15,60.72,basic,west,0,0
58,117,79.31,standard,north,2,0
56,74,49.78,standard,north,1,0
23,101,100.09,standard,east,2,1
60,43,56.78,standard,south,1,0
73,113,80.02,basic,east,1,0
71,75,91.32,standard,east,1,0
19,15,77.7,basic,south,0,0
33,110,71.89,basic,north,1,1
32,95,70.22,basic,east,3,0
46,36,68.87,standard,south,1,0
26,65,58.47,standard,west,1,0
70,46,61.01,basic,south,2,0
66,65,99.59,premium,north,2,1
68,115,67.83,premium,west,1,0
30,107,54.28,basic,east,0,0
18,25,59.67,standard,east,1,0
74,116,92.01,basic,west,1,0
35,52,83.51,premium,west,0,0
58,84,81.21,basic,west,3,0
74,91,64.85,basic,west,1,0
20,57,81.47,basic,south,1,1
18,54,57.13,basic,north,4,1
18,54,64.81,standard,east,3,0
27,103,89.4,basic,west,1,1
21,46,87.49,basic,west,1,0
68,33,50.36,standard,east,0,1
55,43,52.89,premium,east,1,1
78,23,72.17,standard,east,1,0
67,46,104.52,basic,north,0,0
77,13,31.69,basic,north,2,0
32,10,75.57,basic,north,0,0
35,86,42.48,premium,west,2,0
70,9,57.31,standard,west,1,0
33,68,62.71,standard,south,2,0
21,93,61.59,premium,south,0,0
59,86,59.32,basic,south,0,0
67,53,70.14,standard,north,4,0
78,23,59.29,basic,south,2,0
75,111,40.75,basic,south,1,0
25,100,85.6,basic,east,4,0
65,73,85.06,basic,west,0,0
70,10,86.86,premium,north,3,0
61,4,39.19,basic,south,1,0
68,37,75.98,premium,west,3,0
69,18,83.52,standard,west,1,1
45,103,49.38,standard,west,1,0
20,24,70.18,premium,east,2,1
46,33,67.67,basic,north,2,0
30,117,106.84,basic,west,2,0
25,98,108.49,basic,east,1,1
25,26,36.71,basic,west,2,1
61,46,119.88,premium,west,2,0
49,61,51.7,basic,south,2,0
51,79,89.61,basic,north,5,1
64,112,89.41,basic,east,4,1
51,104,50.09,basic,south,1,0
57,117,79.87,standard,north,4,0
23,4,67.85,basic,south,0,0
70,28,81.09,standard,west,1,1
45,67,74.61,standard,south,2,0
27,5,93.93,standard,south,0,0
68,42,71.51,basic,east,3,0
63,18,66.64,standard,east,0,0
21,111,91.92,basic,south,1,0
29,7,81.61,basic,west,2,0
18,17,84.64,standard,east,2,1
34,23,56.71,standard,north,1,1
24,17,49.09,basic,south,3,1
62,68,58.65,premium,west,1,1
50,43,57.58,basic,north,1,0
78,109,85.72,standard,north,1,0
64,31,89.52,premium,east,3,0
55,64,66.9,standard,south,0,1
49,79,98.62,premium,south,1,1
21,75,97.37,standard,south,0,0
22,95,74.87,standard,north,2,0
56,24,53.56,standard,south,1,1
18,60,101.51,standard,north,0,0
20,96,68.78,basic,east,2,0
31,103,72.52,standard,east,2,1
72,74,63.21,basic,west,2,0
46,78,52.2,premium,north,1,0
61,103,40.63,basic,south,0,0
43,74,82.66,basic,south,0,0
28,113,54.33,premium,east,1,0
41,15,131.19,basic,east,2,1
23,41,48.28,basic,west,2,0
65,13,44.85,standard,west,2,1
29,10,80.2,basic,west,2,0
41,56,100.59,basic,north,3,0
78,27,71.29,basic,north,1,0
54,48,81.44,basic,west,3,1
46,52,33.13,basic,west,5,0
51,74,56.45,basic,south,3,0
66,113,48.53,basic,north,1,0
33,101,32.1,basic,east,1,0
57,45,72.34,basic,east,1,0
72,39,25.14,standard,west,2,0
53,92,43.56,standard,east,3,0
45,14,59.26,basic,west,0,0
26,64,53.37,basic,west,3,0
33,50,77.93,premium,north,4,0
76,21,76.11,standard,north,3,0
51,73,87.88,basic,west,2,0
36,38,85.05,basic,north,1,0
43,22,92.82,basic,north,2,0
53,78,69.96,premium,west,1,0
51,20,76.07,premium,north,3,1
61,80,80.23,premium,north,3,0
33,19,72.83,basic,north,0,0
58,52,62.06,basic,south,1,0
45,96,63.35,basic,east,2,0
76,27,53.65,basic,east,3,1
27,92,78.43,basic,west,0,0
27,86,68.12,standard,east,2,0
46,108,56.74,basic,west,1,0
49,20,56.76,premium,north,2,0
60,85,45.79,basic,south,3,1
43,112,89.58,basic,south,1,0
74,91,71.57,premium,north,2,0
47,22,52.74,standard,west,2,0
26,98,86.17,basic,north,3,1
25,12,58.79,standard,south,0,1
78,70,41.87,basic,south,0,1
26,59,90.42,basic,north,3,0
76,63,59.26,basic,west,1,0
35,62,61.82,basic,north,2,1
23,3,70.82,standard,north,2,1
36,60,92.85,basic,south,1,1
56,112,70.4,standard,north,0,0
44,52,46.02,standard,west,0,1
66,33,80.88,basic,north,2,1
55,119,60.3,basic,south,2,1
42,11,107.76,basic,south,3,0
57,58,69.98,standard,north,1,0
78,61,25.3,standard,north,4,0
43,57,77.15,standard,east,3,1
27,110,108.89,basic,north,0,0
43,50,101.52,basic,north,0,0
70,116,106.62,standard,south,0,0
31,8,49.6,basic,south,1,1
76,88,88.24,standard,south,3,0
54,71,55.56,basic,west,2,0
55,28,74.49,basic,south,0,0
37,27,44.54,standard,east,1,0
75,86,57.11,basic,west,2,0
20,76,56.48,standard,north,1,0
36,73,87.97,basic,east,3,1
43,6,86.01,premium,south,0,1
47,71,75.54,premium,east,2,0
47,117,42.99,premium,north,1,0
27,2,63.77,standard,south,2,1
31,56,55.08,standard,north,1,0
23,59,87.39,standard,west,3,1
53,107,93.56,basic,east,3,1
39,33,91.13,basic,north,1,0
53,57,54.9,standard,east,3,0
54,86,15.21,basic,west,1,0
61,7,34.66,basic,east,3,1
51,96,98.43,premium,south,1,0
58,98,61.97,basic,west,1,0
54,86,54.99,standard,north,0,0
58,77,102.85,standard,north,0,0
56,89,95.3,basic,north,2,1
37,93,70.49,premium,west,2,0
33,108,64.13,basic,east,0,0
66,51,67.36,premium,east,3,1
39,54,74.54,standard,east,1,0
52,76,102.0,basic,south,1,0
30,23,78.45,basic,north,2,1
44,102,84.52,basic,west,0,0
50,92,93.39,basic,west,1,0
56,75,46.61,basic,north,1,1
50,36,85.1,premium,north,0,0
40,41,64.11,basic,east,1,0
77,52,19.68,premium,north,1,0
49,79,27.44,basic,east,3,0
68,93,49.64,premium,west,1,0
63,80,80.62,basic,south,1,0
52,111,72.28,basic,south,3,0
72,115,73.69,standard,west,0,0
25,84,109.02,basic,south,2,0
75,44,44.62,premium,north,1,0
70,71,69.45,basic,north,2,0
49,51,76.09,standard,west,4,1
63,75,55.27,standard,west,3,1
50,97,70.57,standard,north,0,0
34,44,38.0,basic,west,1,0
67,60,98.2,basic,north,0,0
33,5,56.37,basic,north,2,0
37,88,110.63,basic,south,5,0
50,58,69.35,basic,south,3,0
69,55,90.56,premium,west,2,0
41,63,68.93,standard,east,1,0
48,25,69.39,standard,north,3,1
20,71,58.32,basic,east,1,1
25,89,72.38,basic,west,1,0
21,41,76.36,standard,east,2,0
22,15,54.31,basic,north,1,1
71,46,67.5,basic,north,3,1
70,23,57.8,basic,south,3,1
68,44,115.99,standard,south,0,0
21,75,68.21,premium,south,2,0
22,13,100.9,basic,north,1,0
35,89,66.09,basic,north,1,0
53,26,75.19,basic,east,5,1
38,107,43.57,basic,west,3,0
48,87,61.06,standard,east,0,1
28,32,74.21,basic,south,2,0
63,67,101.72,standard,west,2,1
37,13,74.44,basic,east,2,1
22,11,97.67,basic,east,0,1
64,114,82.81,premium,east,2,1
73,96,102.55,basic,west,0,0
18,18,68.82,standard,east,1,0
45,33,117.8,basic,east,1,0
69,23,60.29,premium,east,1,0
61,47,54.67,basic,west,1,0
71,34,45.8,basic,west,0,1
43,39,116.62,standard,south,0,0
41,63,86.39,basic,east,0,0
61,22,63.32,basic,north,0,0
27,105,94.98,premium,east,2,0
32,87,83.75,standard,west,0,0
55,91,109.32,standard,east,5,0
59,20,39.04,standard,south,2,0
25,84,64.69,premium,east,1,0
49,100,60.75,premium,south,0,0
40,21,30.53,standard,south,1,0
49,90,91.21,basic,north,3,0
77,42,64.59,basic,east,2,0
22,94,84.79,standard,north,1,0
79,57,117.2,premium,south,2,1
45,96,62.94,basic,west,1,0
65,17,61.58,basic,west,0,1
44,46,72.37,basic,south,1,1
37,32,89.74,standard,west,0,0
65,29,58.67,premium,north,2,0
60,36,57.38,basic,west,1,0
26,45,91.14,standard,south,5,1
61,15,77.57,standard,west,0,1
64,84,29.11,premium,west,3,0
42,66,45.49,basic,east,2,0
75,99,100.02,premium,east,1,1
57,84,78.04,standard,east,1,0
38,17,54.76,standard,north,0,1
18,8,66.59,basic,north,1,0
59,50,70.26,standard,south,2,1
30,57,84.71,standard,south,2,0
64,28,42.83,basic,east,2,0
50,93,53.18,basic,south,2,0
46,69,75.46,standard,east,0,0
28,89,68.0,standard,north,3,0
62,13,81.44,basic,north,2,0
28,97,45.41,basic,west,2,0
43,24,77.14,basic,west,1,0
69,53,91.83,premium,west,1,0
75,52,79.74,premium,south,0,1
79,98,72.78,basic,east,0,1
77,33,68.08,basic,east,0,1
52,28,53.3,basic,south,0,0
30,40,68.56,basic,east,1,1
70,43,95.19,premium,east,1,0
67,21,67.62,standard,south,1,0
79,21,52.2,basic,south,3,1
58,27,60.16,basic,south,2,1
26,56,74.02,basic,west,2,0
49,41,62.53,premium,west,2,1
45,47,79.71,standard,west,1,0
70,86,80.46,standard,west,0,0
42,28,87.78,basic,south,0,0
38,109,98.47,premium,west,4,0
22,90,89.92,basic,north,1,1
69,20,51.32,premium,west,0,1
64,37,51.93,premium,south,2,0
20,22,68.48,basic,south,2,0
44,32,60.98,premium,north,3,1
47,43,47.23,basic,north,0,0
47,15,61.17,standard,south,4,1
74,1,60.51,basic,east,0,0
27,52,56.56,basic,north,1,1
36,84,63.68,basic,west,2,1
29,36,93.57,basic,north,1,0
33,103,73.98,basic,west,1,0
74,44,119.44,basic,south,1,1
76,108,73.41,standard,south,0,1
20,28,64.2,basic,north,0,1
57,64,70.08,basic,west,2,0
32,91,75.13,premium,east,1,0
29,7,78.71,premium,north,1,0
36,111,111.53,basic,north,1,0
30,43,53.09,basic,east,1,0
48,59,87.18,standard,west,1,0
79,75,74.16,standard,north,1,0
54,77,38.58,basic,north,2,0
62,2,85.41,standard,east,0,0
48,104,95.35,basic,north,3,1
18,74,52.86,basic,south,1,0
23,119,69.82,standard,north,0,0
34,56,35.49,standard,south,2,1
33,73,44.82,premium,east,3,0
70,52,90.96,basic,south,3,1
70,106,60.67,basic,south,4,0
70,99,47.82,basic,south,2,0
57,109,74.59,basic,east,0,0
52,60,59.55,basic,north,2,0
58,94,60.58,standard,north,3,0
43,43,84.79,standard,north,1,0
59,55,46.77,standard,west,2,0
67,91,51.89,basic,east,1,0
65,9,73.08,basic,north,2,0
56,85,89.39,standard,south,1,0
21,1,94.76,basic,south,2,0
62,69,56.7,premium,north,0,0
40,57,88.75,basic,west,2,0
64,56,54.32,standard,west,2,0
51,59,106.52,premium,north,2,0
72,59,47.32,standard,north,2,0
38,48,96.57,standard,south,1,0
75,54,56.87,standard,east,2,0
70,68,110.26,basic,west,2,0
38,91,81.83,standard,south,0,0
47,66,49.68,premium,south,1,0
50,77,59.56,premium,north,2,0
65,100,85.62,basic,north,4,0
60,118,91.05,basic,north,1,0
70,13,68.59,standard,south,1,1
40,85,70.89,standard,east,1,0
49,27,85.17,basic,north,0,0
44,23,72.64,basic,north,1,0
74,95,44.13,basic,west,0,0
36,8,53.74,basic,west,2,0
54,101,74.7,basic,east,2,0
25,92,94.31,basic,east,2,1
70,119,102.32,basic,east,0,0
41,80,85.59,premium,south,2,0
39,104,75.75,basic,north,0,0
54,14,84.98,basic,south,1,1
48,106,56.66,basic,east,6,1
70,19,66.94,basic,east,1,0
50,37,53.52,premium,east,1,0
50,15,45.03,premium,east,0,1
24,48,76.67,basic,north,1,0
19,89,73.71,basic,east,1,0
42,32,83.75,basic,west,1,0
79,98,80.92,basic,east,2,0
74,72,74.85,basic,east,0,0
56,75,81.13,basic,north,1,1
57,112,69.15,basic,west,2,0
42,51,78.26,standard,south,2,1
29,41,55.48,basic,south,0,0
18,119,77.39,basic,south,0,0
39,66,83.37,basic,north,1,0
37,73,56.61,basic,west,2,1
29,35,71.04,basic,east,1,0
34,25,57.53,basic,south,1,0
19,20,59.47,basic,west,1,1
55,26,47.5,basic,north,0,0
75,23,95.32,premium,south,1,0
60,89,91.31,premium,east,4,1
45,6,80.75,basic,north,0,1
44,75,109.44,basic,east,5,1
37,113,66.22,standard,west,0,0
26,91,130.64,standard,east,2,0
55,48,65.45,basic,north,1,0
53,7,75.1,basic,east,3,1
18,100,62.04,basic,south,0,0
43,0,77.45,standard,east,0,0
35,81,86.71,basic,east,3,0
28,80,67.72,basic,north,0,0
61,23,105.53,basic,north,4,0
50,88,74.78,basic,north,1,0
57,21,75.41,basic,north,2,0
62,27,51.82,standard,south,1,0
78,97,78.37,standard,north,0,0
67,117,67.32,basic,west,2,0
56,31,57.84,basic,west,1,0
72,110,54.47,premium,north,2,0
47,109,123.44,basic,south,3,0
79,92,64.73,basic,east,0,1
65,16,40.86,basic,east,5,0
58,35,56.04,premium,east,2,1
74,81,68.97,standard,west,0,0
49,119,80.93,premium,east,3,0
62,97,81.1,standard,east,1,0
35,50,83.53,basic,east,2,0
77,28,57.1,basic,east,3,0
56,115,76.81,basic,south,3,0
66,33,52.48,standard,east,1,0
46,41,57.61,standard,west,2,0
71,115,51.65,basic,south,2,0
22,67,46.23,premium,north,1,1
25,31,91.28,basic,east,0,1
49,0,83.77,basic,west,1,1
63,51,89.53,basic,west,0,0
68,118,70.79,premium,east,0,0
45,51,85.54,premium,west,1,0
58,83,34.77,basic,south,1,0
52,30,87.26,premium,south,2,0
77,93,73.54,premium,south,3,0
58,93,82.54,premium,south,2,0
43,72,77.6,premium,east,0,0
78,92,50.26,basic,west,0,0
24,69,40.04,standard,south,2,1
79,45,55.76,standard,north,2,0
27,88,81.3,standard,west,0,0
35,100,83.8,basic,west,2,1
68,100,42.64,standard,west,1,0
63,25,50.38,premium,south,1,0
78,81,55.54,basic,east,1,0
64,0,62.85,premium,east,2,1
57,68,42.76,basic,west,0,0
39,68,41.56,basic,west,1,1
18,43,53.56,basic,west,1,0
25,119,71.73,standard,south,4,0
36,105,46.39,standard,north,1,0
20,4,67.68,basic,north,1,0
49,25,91.17,standard,west,0,1
66,24,43.96,basic,west,1,1
77,107,65.87,basic,north,1,1
48,62,90.5,premium,south,3,0
72,87,61.63,standard,north,0,0
79,97,58.53,standard,south,0,0
71,92,93.27,standard,east,0,0
46,10,63.88,premium,east,1,0
38,16,92.09,basic,south,1,1
78,47,78.58,basic,south,1,1
32,40,63.14,basic,east,1,0
43,89,79.59,standard,east,0,0
22,18,76.41,standard,north,1,0
67,44,90.42,standard,north,4,0
58,28,59.03,basic,south,1,0
23,22,70.82,basic,south,2,0
31,20,68.77,standard,west,0,0
52,23,84.08,premium,west,1,1
51,67,49.5,basic,east,0,0
67,49,90.34,basic,north,1,0
34,52,79.33,basic,north,3,1
75,57,43.66,basic,south,0,1
45,88,94.17,basic,east,0,1
69,103,114.68,basic,east,4,1
32,63,90.04,standard,north,3,1
20,77,98.54,basic,west,0,0
21,88,71.71,basic,south,1,0
41,82,36.77,basic,east,2,0
77,16,33.12,premium,north,1,0
21,117,75.1,basic,west,1,0
40,19,58.16,basic,east,1,0
24,49,51.71,basic,north,1,0
75,78,68.75,standard,south,1,0
59,48,82.31,premium,south,2,0
65,29,40.94,basic,north,1,0
62,110,61.02,basic,west,4,0
58,8,100.2,basic,west,1,0
65,29,48.49,standard,west,2,1
18,119,87.4,premium,south,3,1
71,87,60.31,basic,east,1,0
63,10,80.92,basic,south,1,1
63,90,91.95,standard,south,2,1
42,116,84.83,standard,east,3,1
67,11,88.18,basic,south,0,0
41,49,46.97,basic,west,0,0
21,56,92.27,basic,north,2,0
74,15,52.95,standard,north,5,1
32,24,75.19,standard,west,0,0
24,20,75.16,standard,west,3,1
56,22,79.7,premium,west,2,0
32,48,76.74,basic,south,1,0
71,55,53.12,basic,south,2,1
45,28,43.0,basic,north,2,0
18,34,87.45,premium,south,2,1
77,23,73.72,standard,east,3,0
49,95,92.99,basic,south,1,0
34,25,69.11,basic,south,0,0
59,108,41.9,standard,north,3,1
50,64,89.32,standard,south,2,0
19,96,62.59,standard,east,3,0
65,76,76.84,basic,east,1,0
42,31,57.05,premium,east,0,0
61,72,102.89,standard,west,0,0
73,32,52.47,standard,north,1,1
55,14,63.25,standard,south,2,1
59,30,72.15,premium,east,2,0
33,33,48.16,premium,south,0,0
32,16,76.61,standard,west,3,1
43,2,102.24,basic,north,3,0
70,113,60.19,basic,north,3,0
50,61,77.9,premium,south,1,0
39,48,15.01,standard,south,1,0
66,111,69.22,basic,west,2,0
70,26,63.74,basic,south,2,0
73,48,53.63,premium,south,4,1
36,101,91.63,premium,north,0,1
61,75,63.48,premium,south,1,0
54,47,66.45,basic,east,0,1
45,30,62.46,standard,east,2,0
42,4,31.66,premium,east,2,0
25,10,47.36,basic,south,0,1
35,19,89.22,basic,north,1,1
52,94,27.8,premium,north,2,0
72,76,54.67,basic,north,1,0
71,52,62.01,standard,east,2,0
29,93,104.87,standard,west,2,1
60,19,85.37,standard,west,2,0
23,25,58.86,basic,south,0,1
59,47,96.09,standard,north,3,0
39,110,55.19,basic,east,2,1
45,73,90.18,premium,north,4,1
62,102,42.82,basic,east,2,0
44,29,91.47,standard,south,0,0
68,101,61.88,standard,west,3,0
51,8,49.43,basic,east,1,1
79,27,65.66,basic,east,0,0
57,62,75.55,standard,south,1,0
36,6,60.11,basic,west,2,0
66,102,81.08,basic,east,0,0
43,104,58.34,basic,east,1,0
51,64,82.41,premium,south,0,0
26,36,78.84,standard,south,1,0
25,11,68.78,basic,west,2,0
53,74,61.17,premium,south,2,0
29,64,73.03,basic,north,0,0
79,91,81.01,basic,south,1,0
71,72,111.24,basic,south,1,0
61,15,88.79,basic,south,2,0
63,14,89.52,basic,north,2,0
54,93,131.77,standard,north,3,1
21,19,80.32,basic,south,0,0
42,112,79.69,standard,south,1,0
48,12,84.08,basic,north,0,0
74,87,49.82,basic,south,1,0
31,117,61.12,basic,south,2,0
48,52,59.88,standard,north,2,0
39,6,82.95,standard,south,0,0
26,105,66.52,basic,south,3,0
24,22,72.76,basic,north,0,0
40,63,91.75,basic,west,1,0
23,118,87.26,premium,north,2,1
22,89,66.77,basic,east,1,0
39,5,56.6,standard,east,1,1
30,98,92.71,basic,west,3,0
52,19,85.48,basic,east,1,0
19,89,37.87,standard,east,0,0
36,74,63.74,basic,west,2,0
46,34,73.31,basic,west,2,0
77,50,85.58,premium,north,1,1
57,14,88.2,basic,west,0,0
72,118,75.68,basic,south,2,1
39,28,81.7,basic,north,2,0
45,37,71.28,basic,east,3,0
44,60,56.52,standard,west,2,0
73,80,64.77,basic,north,0,0
77,60,70.38,premium,north,0,0
77,60,69.31,standard,west,3,0
64,69,32.29,premium,east,0,1
49,102,62.05,premium,north,0,0
51,47,71.12,premium,west,3,0
78,99,64.37,standard,south,2,0
35,94,65.06,basic,south,0,1
39,115,79.76,basic,south,5,0
73,109,48.42,standard,east,2,0
41,95,37.44,basic,north,2,0
32,29,63.04,standard,south,2,0
52,92,85.28,basic,south,2,1
38,88,103.75,premium,north,2,1
73,34,85.64,basic,west,3,0
74,81,40.63,premium,north,0,0
36,30,65.35,basic,west,1,1
50,62,75.13,basic,north,2,0
79,95,73.55,premium,south,3,0
64,22,80.79,premium,north,1,1
31,40,51.66,standard,south,3,1
54,95,71.3,premium,east,3,0
56,54,78.41,basic,north,1,0
58,115,86.51,premium,east,2,0
19,0,53.89,basic,west,3,0
36,86,63.1,standard,south,1,0
70,97,15.92,basic,north,2,0
32,110,57.57,basic,east,2,0
36,18,59.51,standard,north,0,1
37,118,49.61,standard,north,2,0
28,47,73.31,basic,south,1,1
27,42,68.88,premium,south,3,0
39,42,24.82,standard,north,1,0
72,76,74.31,basic,west,2,0
18,79,51.43,standard,east,2,1
35,56,79.71,basic,west,1,0
21,8,44.36,basic,south,5,0
52,118,70.6,standard,south,0,0
33,26,64.34,basic,west,4,0
67,11,76.06,basic,north,0,0
54,71,72.49,standard,south,1,0
66,49,64.9,basic,west,1,0
57,73,39.27,premium,south,1,0
45,105,40.46,standard,west,3,0
71,11,58.32,basic,south,3,1
47,34,69.83,standard,south,1,1
76,61,57.84,basic,west,2,0
79,94,82.5,standard,north,2,0
54,72,64.42,basic,west,1,0
59,45,50.7,premium,north,3,0
33,73,64.44,basic,south,5,1
68,117,74.52,standard,east,2,1
59,57,76.5,basic,east,1,0
73,106,107.57,basic,west,2,1
34,93,56.62,basic,west,1,0
66,36,68.53,standard,east,3,1
47,29,78.52,premium,east,0,0
29,92,69.53,basic,south,3,0
28,24,59.99,basic,west,1,0
52,40,39.01,basic,east,0,0
37,28,59.78,basic,north,0,0
24,72,48.53,premium,west,0,0
44,35,35.47,premium,south,0,0
58,79,54.09,premium,south,2,0
37,112,49.06,basic,south,3,1
77,99,81.68,basic,west,0,0
66,113,82.02,standard,south,1,0
49,2,51.92,basic,south,4,1
75,54,64.8,standard,north,5,0
44,26,32.84,basic,south,0,0
26,110,60.11,basic,north,1,0
20,85,77.98,premium,east,0,0
76,38,86.5,basic,west,3,1
77,67,55.74,premium,south,2,0
63,72,91.04,basic,west,1,1
24,59,39.69,basic,west,3,0
36,56,45.05,basic,north,3,0
20,6,84.19,basic,east,0,0
21,54,103.42,standard,east,1,1
33,41,79.87,basic,south,2,1
53,98,69.19,standard,west,1,0
22,103,26.1,premium,south,1,0
79,90,29.55,basic,north,0,0
46,3,72.59,basic,east,6,1
34,100,62.84,basic,north,0,0
49,47,47.88,standard,south,2,1
66,49,71.31,standard,east,1,0
37,113,72.3,basic,east,2,1
20,104,88.89,standard,south,2,0
21,6,72.73,basic,south,3,1
70,43,94.57,basic,north,2,1
24,89,70.16,basic,south,1,1
57,64,67.69,premium,east,1,0
41,30,91.29,basic,east,3,0
66,62,50.43,basic,south,2,0
21,103,126.29,basic,north,1,0
73,26,77.51,standard,east,2,1
61,89,77.62,basic,east,1,1
45,88,80.5,basic,north,2,0
30,106,107.54,basic,east,1,1
78,35,85.85,standard,north,1,0
36,25,37.9,basic,south,2,0
48,65,98.07,premium,east,2,1
42,63,63.18,basic,east,1,0
32,49,72.14,basic,east,2,0
43,93,44.41,premium,west,1,0
27,95,80.52,premium,north,0,0
18,29,56.97,basic,west,0,1
35,95,72.0,premium,south,4,1
24,27,64.32,standard,south,1,0
43,48,108.5,basic,west,3,0
71,3,109.65,premium,south,1,0
28,40,70.93,standard,north,0,0
18,115,71.28,basic,east,2,0
24,53,62.53,standard,east,1,1
49,85,92.12,basic,east,2,0
35,12,63.42,basic,north,1,0
48,76,61.57,premium,east,0,0
19,44,89.57,standard,north,0,1
38,89,59.23,standard,east,2,0
43,111,69.24,standard,east,2,0
44,63,38.37,standard,west,0,0
52,12,84.08,basic,west,1,0
66,57,108.82,premium,north,3,0
46,14,84.42,standard,north,2,0
70,53,99.24,standard,east,1,0
50,7,53.08,basic,west,1,1
34,76,74.73,basic,north,2,0
32,37,51.14,basic,south,3,1
37,24,65.44,basic,south,1,0
55,2,85.44,basic,south,2,0
33,106,72.04,standard,east,2,0
74,100,41.75,premium,south,2,0
47,97,43.7,basic,south,2,0
71,6,42.38,basic,west,3,0
60,41,79.83,standard,south,2,0
38,116,111.28,basic,north,1,0
32,69,97.25,premium,west,0,1
64,15,32.08,basic,south,0,0
38,16,98.42,basic,west,3,0
33,31,88.73,basic,west,1,1
75,116,39.09,premium,east,2,0
47,20,63.94,basic,north,1,0
21,108,91.91,standard,west,1,0
48,81,81.01,basic,east,4,0
46,110,43.82,basic,south,2,0
71,99,82.21,premium,west,0,0
62,39,27.25,basic,west,1,0
29,99,65.54,basic,west,4,1
27,20,92.76,standard,north,1,0
55,34,70.37,premium,east,0,0
20,25,60.02,basic,south,0,1
37,15,87.79,basic,north,1,0
26,10,89.5,premium,south,1,1
19,22,96.2,standard,north,0,0
74,14,87.49,premium,north,1,0
23,45,91.63,standard,east,4,1
18,8,84.66,standard,east,4,0
75,7,75.31,basic,south,1,0
29,118,71.79,basic,north,3,0
68,10,65.25,standard,west,1,0
19,8,45.75,standard,east,3,0
27,3,50.89,premium,east,1,1
24,15,64.36,standard,north,2,1
61,63,74.83,basic,north,0,0
56,99,98.82,basic,north,2,1
47,88,69.16,standard,north,4,0
32,69,90.07,basic,west,5,0
23,10,91.59,standard,south,2,0
53,92,65.37,standard,east,5,0
32,4,81.89,basic,west,1,0
54,75,65.13,standard,west,0,1
60,49,96.44,standard,south,3,0
70,105,82.72,premium,south,3,0
48,36,46.19,basic,south,3,1
18,76,73.23,standard,north,1,0
35,52,102.96,basic,west,1,0
70,62,66.38,standard,east,2,1
51,112,78.95,basic,south,1,0
56,85,80.92,premium,east,0,0
46,49,49.27,premium,east,1,1
28,53,80.21,standard,north,0,0
73,84,42.12,standard,east,3,1
65,41,57.49,basic,west,2,1
79,20,91.51,standard,east,3,1
71,56,77.14,basic,east,3,0
36,8,63.91,standard,north,3,1
33,20,78.93,basic,east,2,1
33,50,68.8,standard,west,4,0
74,95,70.25,basic,south,3,0
52,93,83.14,standard,east,0,0
46,31,55.45,standard,east,4,1
78,50,70.81,basic,north,1,0
55,18,63.75,basic,south,0,0
74,90,38.29,premium,west,3,0
79,29,51.59,standard,west,2,1
22,95,101.36,basic,south,3,0
40,101,77.69,basic,south,3,0
63,82,43.53,basic,west,1,0
68,39,39.19,standard,north,3,1
27,114,67.76,standard,south,1,0
37,82,101.22,basic,north,0,0
51,77,66.26,standard,north,2,1
67,102,96.14,standard,east,2,0
25,105,77.04,standard,south,2,0
55,9,79.43,basic,west,2,0
36,105,43.29,basic,west,1,1
31,91,88.75,basic,west,2,0
49,24,63.3,basic,east,1,0
43,36,87.26,basic,east,1,0
57,90,53.72,basic,east,3,0
37,25,73.54,basic,west,0,0
69,54,77.04,standard,north,1,0
22,82,66.92,basic,east,3,0
71,78,78.09,standard,north,1,0
19,109,64.67,basic,south,4,0
63,13,57.02,standard,south,1,0
39,35,102.11,basic,east,2,0
41,118,90.98,standard,west,1,0
19,68,54.78,standard,north,1,0
61,29,81.37,basic,east,2,1
28,34,55.15,standard,north,3,0
58,40,46.31,basic,north,2,0
62,66,90.68,standard,south,1,0
70,34,35.92,basic,east,1,0
61,74,88.54,basic,north,2,0
36,53,64.95,basic,south,0,1
63,73,65.77,premium,west,1,1
69,18,78.2,basic,south,4,1
37,74,81.62,standard,west,2,1
25,110,53.47,basic,west,0,0
73,16,84.35,basic,south,0,0
27,39,72.27,basic,east,1,1
54,83,44.88,premium,east,1,0
32,74,66.6,standard,south,6,1
25,80,97.63,basic,south,1,0
66,67,103.53,standard,south,1,0
26,81,84.35,basic,north,0,1
59,73,46.19,basic,north,1,0
60,8,79.81,standard,south,0,1
21,90,87.02,basic,west,0,0
28,53,84.51,basic,north,1,1
67,6,85.7,standard,north,0,0
49,49,77.27,basic,south,1,1
25,52,68.55,premium,east,0,0
79,10,57.83,standard,north,0,1
34,119,32.04,premium,north,2,1
18,26,76.79,standard,north,1,0
75,39,73.72,premium,south,1,0
19,52,81.15,basic,north,3,1
52,99,43.25,standard,west,3,0
79,89,82.9,standard,west,4,1
53,92,111.09,premium,south,3,0
54,28,71.57,basic,north,1,1
42,101,68.77,standard,north,2,0
25,99,76.18,standard,south,2,0
53,55,110.65,basic,south,0,1
73,65,49.53,premium,east,1,1
23,4,74.06,basic,south,0,0
72,91,54.01,basic,south,3,0
43,115,59.06,standard,south,0,0
51,56,69.01,basic,east,0,0
28,64,96.95,basic,east,0,1
56,59,106.02,basic,north,0,0
29,9,78.96,basic,south,1,1
34,74,62.47,standard,east,1,0
62,86,119.85,premium,east,0,1
21,111,61.45,standard,east,0,0
45,111,58.58,basic,east,3,0
54,59,34.5,standard,east,2,0
26,115,97.92,premium,south,0,0
36,63,89.36,standard,east,0,0
39,77,118.36,basic,south,0,0
59,72,42.21,basic,south,2,0
78,119,99.16,premium,north,2,0
69,88,71.4,premium,south,0,1
29,14,86.12,basic,north,1,0
19,8,37.04,premium,north,1,0
21,49,99.36,basic,south,3,0
54,61,85.73,basic,east,1,0
27,80,69.22,standard,west,3,0
32,57,82.9,standard,north,2,0
70,61,54.69,basic,west,1,0
72,110,58.41,premium,south,3,0
70,40,60.73,premium,east,1,0
33,59,32.95,basic,east,1,0
56,66,87.24,standard,west,2,0
55,56,93.83,standard,north,0,0
29,116,55.97,standard,west,1,0
52,115,76.96,premium,north,1,0
50,61,64.69,standard,west,1,0
42,54,76.57,basic,east,3,0
64,70,57.45,basic,south,0,0
60,21,52.33,premium,south,0,0
51,51,91.04,premium,north,2,0
62,26,68.72,basic,west,0,1
65,17,110.44,basic,east,1,0
53,11,70.93,standard,west,1,0
34,70,51.48,basic,east,0,0
65,0,94.54,basic,west,1,0
62,77,82.62,premium,west,0,1
78,51,84.54,premium,south,1,0
27,43,93.81,premium,east,0,0
43,92,56.94,standard,south,2,0
75,64,67.45,basic,west,3,0
49,88,66.57,premium,east,1,0
76,85,44.19,basic,south,2,0
18,3,64.73,basic,east,3,1
20,25,96.73,premium,south,3,0
67,68,74.75,standard,east,5,1
40,117,43.08,premium,south,1,0
50,18,38.88,basic,south,1,0
44,12,103.3,premium,west,2,0
43,112,68.19,standard,north,0,0
76,116,57.05,standard,west,0,0
23,20,64.52,premium,north,1,0
65,48,40.45,basic,north,1,0
73,75,98.46,standard,north,1,0
58,23,62.14,standard,north,2,0
42,39,97.35,standard,north,2,0
27,47,71.03,premium,west,4,0
60,76,98.59,standard,west,1,0
47,36,75.13,basic,east,0,0
27,49,87.06,basic,north,1,0
40,34,84.38,premium,west,1,0
77,91,82.47,premium,east,1,1
34,18,76.96,premium,east,1,0
29,27,65.34,basic,west,3,1
60,29,108.31,basic,south,2,0
30,108,51.86,standard,south,1,0
75,113,70.09,standard,west,0,1
71,60,70.3,basic,east,1,0
78,18,78.05,standard,east,2,0
74,90,61.41,basic,east,0,0
33,59,76.29,basic,west,3,1
31,101,66.62,basic,south,2,1
39,43,38.36,basic,north,3,0
47,119,70.19,basic,south,1,0
72,96,47.99,premium,east,1,0
63,26,35.31,standard,west,0,0
57,87,72.74,premium,south,2,0
72,34,79.76,basic,east,1,1
58,41,80.53,basic,west,0,0
41,30,81.34,basic,west,2,1
43,81,31.35,standard,west,1,0
50,31,42.78,basic,west,1,1
23,76,109.47,standard,east,1,0
63,69,49.06,premium,south,2,0
58,90,82.22,premium,south,4,0
63,119,56.26,basic,east,3,1
51,1,71.59,standard,north,0,0
66,118,57.33,basic,east,2,0
76,13,81.23,basic,east,1,1
53,63,72.74,standard,east,0,1
45,40,61.03,standard,south,0,0
24,76,49.0,standard,east,0,0
66,86,75.36,basic,north,5,0
74,103,45.75,premium,east,3,1
61,48,78.55,premium,west,1,0
71,111,122.53,basic,west,0,0
71,38,97.0,premium,west,2,0
67,24,84.37,basic,south,0,0
49,45,68.29,standard,north,1,0
24,63,31.22,premium,east,0,0
18,80,43.55,premium,north,3,0
30,99,95.66,premium,south,1,0
44,26,54.2,basic,east,2,0
64,36,56.01,premium,east,1,0
46,112,66.69,standard,east,0,0
19,52,48.76,basic,west,1,0
31,28,45.46,basic,north,1,0
78,118,68.99,standard,west,4,1
79,53,52.17,standard,east,0,0
41,118,55.18,standard,south,1,0
67,110,54.38,premium,south,0,0
62,108,80.45,standard,east,0,0
75,69,65.36,basic,east,1,1
73,95,66.43,basic,south,1,0
56,115,81.94,standard,north,1,1
42,32,67.16,standard,north,3,0
56,4,64.43,standard,south,3,0
37,38,79.41,standard,south,0,0
39,76,83.36,standard,east,0,0
55,65,67.06,standard,west,0,0
53,9,71.61,premium,north,0,0
54,67,54.36,basic,south,0,0
41,20,52.79,standard,north,5,1
43,60,85.38,standard,west,1,1
18,69,78.9,basic,east,3,0
55,76,79.11,standard,north,1,0
53,49,75.62,standard,south,0,0
75,48,70.92,standard,east,0,0
49,81,83.93,standard,west,0,1
46,89,88.7,basic,east,2,0
22,96,88.22,basic,south,2,0
30,40,67.98,basic,east,2,0
38,50,97.74,basic,east,2,1
41,39,74.57,standard,east,1,0
40,63,82.65,premium,north,2,0
42,15,75.64,standard,east,2,1
65,51,74.94,basic,north,1,0
26,22,55.28,basic,west,2,1
38,63,84.03,basic,west,2,0
28,102,126.91,standard,east,1,0
37,118,62.5,basic,east,2,0
60,53,71.42,standard,north,3,0
20,6,61.08,standard,west,0,0
39,27,60.24,standard,south,0,0
19,12,100.89,basic,south,1,0
77,91,56.54,basic,east,1,0
63,118,60.52,standard,west,0,0
33,66,38.25,standard,south,3,1
30,21,54.85,basic,east,2,1
24,2,35.83,premium,east,2,0
47,117,82.64,standard,south,1,0
64,37,125.99,basic,east,0,1
54,13,62.67,basic,west,2,0
72,21,36.66,basic,south,2,0
39,30,88.0,basic,west,4,1
35,78,55.46,basic,west,1,0
47,107,95.99,standard,west,0,0
30,33,64.36,basic,east,1,0
78,82,57.36,premium,west,2,0
29,7,66.44,premium,east,4,1
47,1,85.16,basic,west,0,1
50,6,65.45,basic,east,1,0
21,110,60.07,standard,west,2,0
47,69,66.02,premium,west,2,0
46,96,44.56,premium,west,3,1
34,2,77.94,basic,east,0,0
25,2,34.27,basic,east,0,1
20,101,61.12,basic,west,1,0
18,12,85.19,premium,south,3,0
47,18,76.06,standard,north,1,0
23,62,81.81,standard,west,1,0
77,72,68.7,standard,east,1,0
33,27,93.39,basic,south,2,1
58,53,88.49,standard,east,0,0
59,80,78.92,basic,north,2,0
48,53,88.55,standard,south,0,0
72,45,85.01,standard,south,0,0
24,8,61.21,standard,south,1,1
32,54,43.12,basic,west,2,0
33,96,78.41,premium,east,1,0
26,75,80.92,standard,north,1,0
36,107,91.81,basic,south,2,0
37,15,51.27,basic,north,2,0
65,1,51.87,standard,west,0,1
36,65,79.2,basic,south,2,0
72,21,68.58,basic,south,2,0
65,71,32.28,basic,south,0,0
73,108,77.5,basic,north,2,1
24,40,32.95,basic,west,4,0
79,65,51.09,standard,east,2,0
56,81,97.03,basic,south,0,0
78,18,106.5,standard,south,1,0
40,107,45.69,basic,east,2,0
77,24,63.41,basic,north,2,0
54,96,70.85,basic,west,0,1
22,79,105.62,standard,east,1,0
43,16,60.14,premium,north,1,1
26,86,60.46,basic,east,3,0
76,23,100.97,basic,west,2,0
36,71,62.5,basic,north,3,1
31,115,84.44,basic,east,2,0
52,114,40.46,premium,east,1,0
44,104,66.58,basic,west,0,0
24,59,36.81,premium,east,2,0
68,67,48.89,standard,east,1,0
70,36,86.78,standard,west,5,1
64,110,69.0,premium,west,1,0
56,57,63.62,basic,south,1,0
42,92,55.03,standard,east,1,0
51,43,65.59,basic,north,1,0
50,88,76.02,premium,west,4,1
28,26,89.66,standard,west,2,0
23,88,17.5,basic,south,1,0
33,5,53.36,premium,east,1,0
46,12,73.18,basic,west,0,0
27,42,68.02,basic,north,2,0
24,57,78.07,standard,east,0,0
70,85,75.35,basic,west,0,0
41,43,63.9,premium,west,3,0
54,2,59.46,standard,north,3,0
50,39,65.09,standard,west,2,0
63,52,92.97,basic,west,0,0
63,65,55.36,basic,north,0,0
36,77,68.74,premium,east,2,0
70,29,73.67,basic,east,0,0
41,73,101.21,standard,west,3,0
69,75,63.99,basic,north,4,1
43,93,89.18,basic,west,2,1
24,62,94.64,standard,east,2,0
65,97,68.72,standard,south,2,0
19,26,65.79,standard,south,2,1
65,85,63.42,premium,west,0,0
20,5,64.88,basic,west,3,1
30,12,87.08,basic,south,2,0
55,103,74.62,basic,west,2,0
76,57,74.71,standard,east,0,0
43,74,47.5,basic,north,0,0
25,72,50.65,standard,east,1,0
32,83,112.87,basic,west,2,0
73,29,66.44,premium,north,0,0
63,21,54.5,premium,north,1,0
24,5,98.62,premium,north,1,0
41,103,75.64,basic,east,1,0
34,26,81.56,premium,north,0,0
29,69,67.24,basic,west,1,0
70,54,63.63,basic,north,1,0
56,19,66.61,basic,north,2,0
29,49,42.35,basic,south,1,0
58,9,68.24,standard,west,1,0
43,21,75.92,basic,west,1,0
21,16,107.01,basic,south,3,0
45,98,71.72,standard,east,3,1
29,68,23.32,premium,west,0,0
33,111,68.12,standard,west,1,0
72,52,124.79,standard,north,2,0
62,24,87.33,basic,west,3,1
26,73,53.78,premium,west,0,0
70,111,81.82,basic,east,5,1
53,63,55.16,basic,east,2,0
72,2,42.92,basic,south,0,1
64,36,63.03,standard,west,2,0
39,110,71.83,basic,west,3,0
51,62,32.56,standard,east,1,0
50,114,47.02,basic,east,1,0
62,61,70.21,basic,south,0,0
33,1,61.84,basic,east,0,0
38,104,77.9,basic,north,2,0
33,91,45.71,basic,west,4,0
36,85,84.28,standard,east,4,0
27,116,46.32,standard,east,2,1
20,23,102.85,basic,north,0,0
76,108,35.68,standard,east,0,0
22,27,48.15,basic,north,0,0
73,116,78.35,basic,west,1,0
18,22,103.28,basic,east,1,1
66,66,76.3,basic,south,1,0
38,94,81.26,basic,west,2,0
50,9,70.35,standard,west,5,1
35,8,49.47,basic,north,2,1
48,101,60.2,standard,north,0,0
45,7,45.76,basic,south,0,0
50,73,44.43,standard,north,2,0
42,112,78.03,standard,east,1,0
51,73,47.54,basic,east,1,0
69,57,76.39,basic,east,0,0
44,50,43.96,standard,north,3,0
40,76,75.93,premium,west,2,0
26,68,60.23,premium,west,1,1
40,60,98.13,basic,east,1,0
25,18,76.47,standard,north,1,0
29,79,94.72,basic,south,2,0
77,88,54.89,basic,east,0,0
23,85,71.12,standard,east,1,0
47,9,50.38,standard,north,2,0
69,84,61.73,standard,west,1,0
77,87,64.76,premium,west,1,0
27,22,55.48,basic,east,3,0
28,101,45.69,standard,south,4,0
41,62,41.73,basic,east,5,1
52,56,23.21,basic,north,4,1
77,86,48.87,basic,east,1,0
30,61,82.55,premium,north,4,1
28,65,38.03,basic,north,0,0
33,37,42.64,basic,east,5,0
72,111,105.82,standard,east,2,0
19,116,57.27,premium,west,1,0
41,15,76.42,premium,east,0,0
25,87,82.85,standard,west,1,0
27,2,83.25,basic,west,2,1
74,44,39.55,standard,south,2,0
18,116,65.38,premium,west,4,0
37,20,37.64,premium,south,1,0
74,45,118.93,premium,east,1,0
55,26,38.1,basic,north,1,0
22,87,49.04,basic,north,1,0
46,55,49.19,standard,east,1,0
78,71,40.07,basic,south,1,0
42,113,97.05,basic,east,1,0
50,62,118.45,basic,north,2,0
50,88,60.49,standard,south,1,0
58,11,43.59,premium,east,1,1
29,25,25.26,standard,east,2,0
70,113,65.12,premium,west,1,0
79,103,63.67,standard,west,0,0
26,78,56.97,standard,west,1,0
68,45,74.43,basic,north,0,0
68,23,77.9,standard,east,3,0
63,102,76.46,basic,north,2,0
40,94,63.68,basic,south,1,0
47,29,47.97,basic,north,2,0
70,70,83.32,premium,south,1,0
27,74,70.25,standard,north,0,0
69,57,87.77,premium,east,1,1
75,111,85.8,premium,north,1,0
60,14,41.56,premium,east,4,0
39,30,41.32,basic,east,1,0
52,11,54.89,premium,north,1,0
21,83,48.87,premium,north,3,0
75,77,85.11,premium,west,1,1
39,118,77.03,basic,east,1,0
21,65,91.98,basic,south,3,0
67,18,77.93,premium,west,1,1
58,54,74.17,basic,north,0,1
56,10,93.99,basic,west,2,1
21,80,79.39,basic,north,2,1
64,80,71.36,basic,east,2,0
57,102,99.61,basic,north,0,0
67,40,72.3,premium,north,2,0
69,37,63.91,premium,south,0,0
31,8,53.24,premium,north,2,0
31,49,84.06,basic,south,2,0
75,57,94.74,basic,north,0,0
50,90,68.99,basic,north,0,0
45,90,96.16,basic,west,3,0
35,16,30.6,basic,west,2,0
57,34,68.89,standard,west,0,0
64,61,69.2,premium,north,3,0
18,40,55.46,standard,south,1,0
52,3,117.68,basic,south,1,1
79,101,68.68,basic,south,2,0
35,87,61.85,basic,south,1,0
35,62,70.52,basic,east,4,0
