annual_income,age,visits,region,constant_flag,notes,converted
84814.25,,3,east,1.0,short,0
67628.47,42.0,1,west,1.0,long,0
59662.21,74.0,3,west,1.0,,0
87440.34,53.0,1,north,1.0,short,0
65802.69,44.0,1,north,1.0,long,0
58071.45,52.0,6,south,1.0,short,0
87588.84,81.0,5,west,1.0,short,0
84985.25,88.0,1,south,1.0,long,0
84039.27,35.0,3,west,1.0,short,0
-290312.49,,2,east,1.0,short,0
1941189.36,20.0,0,north,1.0,short,0
64242.34,50.0,4,east,1.0,short,0
59302.73,63.0,4,east,1.0,long,0
72195.59,21.0,1,west,1.0,long,0
65211.14,,4,west,1.0,long,0
73556.15,,4,east,1.0,long,0
993747.51,,2,west,1.0,long,0
89963.61,61.0,3,north,1.0,short,0
1496116.44,48.0,1,east,1.0,,0
70850.53,,7,east,1.0,,0
69874.1,,5,north,1.0,,0
83145.63,,1,east,1.0,short,0
80433.76,41.0,5,east,1.0,long,0
57744.56,31.0,1,south,1.0,long,1
1701075.5,46.0,2,east,1.0,long,0
63481.04,64.0,4,east,1.0,short,0
98338.54,59.0,1,east,1.0,,0
81954.56,87.0,0,south,1.0,long,0
711812.85,37.0,4,south,1.0,short,0
106614.21,68.0,4,east,1.0,long,0
412597.15,57.0,4,west,1.0,short,0
860252.54,80.0,4,south,1.0,long,0
46075.05,83.0,4,east,1.0,short,0
97643.61,68.0,3,west,1.0,short,0
65056.12,,4,south,1.0,,0
44124.09,,4,west,1.0,long,0
54670.11,64.0,5,south,1.0,,0
45721.37,76.0,6,south,1.0,short,0
53884.46,,2,south,1.0,,0
53427.05,,2,north,1.0,long,0
44976.88,75.0,3,south,1.0,short,0
65401.28,24.0,2,south,1.0,long,0
67824.48,37.0,2,north,1.0,long,0
40073.87,34.0,4,west,1.0,long,0
26834.62,59.0,3,east,1.0,short,0
1646971.64,33.0,4,north,1.0,long,0
70638.41,39.0,4,north,1.0,,0
74604.34,31.0,1,west,1.0,short,0
71023.49,22.0,3,south,1.0,short,0
91454.34,51.0,1,south,1.0,short,1
79941.36,41.0,1,north,1.0,long,0
113596.56,,4,west,1.0,short,0
122012.94,,2,south,1.0,long,0
24837.95,38.0,3,east,1.0,,0
16057.23,82.0,2,south,1.0,long,0
59852.17,,3,west,1.0,long,0
70084.65,37.0,3,south,1.0,long,0
1415069.67,29.0,5,west,1.0,,0
74071.61,88.0,2,east,1.0,long,0
54595.16,67.0,5,south,1.0,long,0
46120.98,,2,south,1.0,,1
49142.18,68.0,2,east,1.0,long,0
638311.53,,3,east,1.0,short,0
76870.25,48.0,1,east,1.0,short,0
50265.19,46.0,4,north,1.0,long,0
54220.63,69.0,3,south,1.0,long,0
71404.34,31.0,5,south,1.0,short,0
56024.07,53.0,2,east,1.0,short,0
82334.21,78.0,3,north,1.0,,0
41609.88,32.0,2,north,1.0,long,0
37272.72,,5,south,1.0,long,0
66092.58,77.0,3,south,1.0,short,0
68085.77,,1,east,1.0,short,0
42700.81,,8,north,1.0,long,1
86871.91,21.0,3,west,1.0,,0
98498.74,56.0,5,south,1.0,long,0
47442.92,39.0,2,east,1.0,short,0
2318417.6,60.0,4,west,1.0,long,0
12357.36,28.0,2,south,1.0,,0
81522.25,75.0,4,south,1.0,short,0
42844.74,,5,south,1.0,short,0
79521.45,64.0,4,east,1.0,short,0
486896.27,54.0,6,west,1.0,short,0
979433.34,33.0,3,east,1.0,long,0
43797.69,85.0,1,north,1.0,,0
55722.39,37.0,3,west,1.0,long,0
96598.48,44.0,5,north,1.0,long,1
57841.24,84.0,5,south,1.0,long,0
102206.03,20.0,2,north,1.0,short,0
52283.75,27.0,3,north,1.0,,0
89835.29,72.0,2,west,1.0,short,0
27486.15,44.0,3,north,1.0,long,0
54269.82,,6,west,1.0,,0
49277.8,59.0,1,east,1.0,long,0
90754.11,77.0,4,south,1.0,short,0
63704.98,62.0,3,west,1.0,,0
18238.34,,3,north,1.0,short,0
33797.41,57.0,0,east,1.0,short,0
39746.76,,1,west,1.0,short,0
78681.01,45.0,7,south,1.0,,0
76100.15,,4,south,1.0,long,0
53992.01,53.0,2,north,1.0,long,0
49029.8,,5,north,1.0,short,0
74327.76,26.0,4,north,1.0,long,0
1077275.34,30.0,2,south,1.0,short,0
69153.38,89.0,2,east,1.0,,0
67450.36,77.0,3,south,1.0,long,0
54508.21,26.0,3,east,1.0,long,1
67953.56,33.0,2,south,1.0,long,0
62041.89,,3,west,1.0,short,1
69948.39,74.0,4,east,1.0,long,0
33317.95,70.0,2,west,1.0,short,0
72290.04,80.0,4,east,1.0,,0
80532.03,54.0,4,north,1.0,short,0
66419.03,81.0,3,east,1.0,long,0
72024.32,60.0,0,east,1.0,short,0
57801.61,52.0,3,north,1.0,long,0
77826.65,63.0,1,north,1.0,long,0
61304.94,48.0,3,north,1.0,long,0
37041.17,61.0,3,north,1.0,short,0
76404.32,78.0,0,west,1.0,short,0
27317.08,86.0,1,north,1.0,short,0
65655.59,59.0,1,north,1.0,short,0
52315.54,18.0,4,south,1.0,long,0
51037.49,62.0,6,south,1.0,long,0
63439.77,,6,west,1.0,short,0
1150218.4,34.0,1,north,1.0,,0
70244.12,81.0,2,west,1.0,long,0
1176420.56,50.0,5,north,1.0,short,0
952387.46,,2,south,1.0,long,0
86763.59,44.0,3,south,1.0,long,0
64095.65,61.0,2,west,1.0,short,0
72616.02,65.0,1,north,1.0,long,0
88331.77,82.0,1,south,1.0,long,0
88003.57,32.0,5,east,1.0,short,0
71595.71,58.0,4,east,1.0,short,0
53946.84,,1,south,1.0,long,0
31405.92,51.0,1,north,1.0,long,0
64133.81,79.0,2,west,1.0,short,0
81891.69,27.0,2,west,1.0,short,0
67086.3,57.0,1,east,1.0,long,0
-8891.68,45.0,3,west,1.0,short,0
77401.24,,8,south,1.0,long,0
78629.98,33.0,5,west,1.0,short,0
53975.56,34.0,1,west,1.0,long,0
853867.14,24.0,3,west,1.0,,0
1113666.16,49.0,4,west,1.0,long,1
46289.86,18.0,2,south,1.0,short,0
85426.02,54.0,4,north,1.0,long,0
34650.46,34.0,1,east,1.0,short,0
58855.11,46.0,3,east,1.0,short,1
56859.95,61.0,3,east,1.0,short,0
43491.24,,6,east,1.0,long,1
66075.88,22.0,1,north,1.0,long,0
86207.38,28.0,4,east,1.0,short,0
2173014.7,40.0,5,south,1.0,short,0
74473.28,,4,north,1.0,long,0
26081.55,81.0,1,west,1.0,long,0
33280.95,27.0,4,north,1.0,long,0
63323.38,22.0,3,north,1.0,short,0
59315.3,63.0,0,south,1.0,long,0
50038.4,88.0,5,west,1.0,short,0
98106.46,77.0,4,north,1.0,short,1
62117.2,58.0,0,south,1.0,short,0
70848.25,19.0,1,south,1.0,short,0
79757.88,59.0,1,south,1.0,,0
61099.17,50.0,1,west,1.0,short,0
111821.24,50.0,0,south,1.0,long,0
41192.55,53.0,3,south,1.0,short,0
1042603.19,58.0,2,south,1.0,long,0
41143.49,,3,south,1.0,short,0
1117140.26,31.0,1,west,1.0,long,0
76041.72,23.0,1,south,1.0,short,0
49116.96,21.0,4,north,1.0,short,0
962726.7,47.0,3,south,1.0,long,0
87697.81,54.0,0,north,1.0,long,0
67233.75,74.0,1,west,1.0,short,0
88208.36,49.0,2,west,1.0,long,0
58797.01,,5,west,1.0,long,0
70230.71,88.0,1,west,1.0,short,0
66004.55,71.0,0,south,1.0,short,1
47517.77,67.0,2,east,1.0,short,1
57117.12,44.0,3,south,1.0,long,0
36313.93,,6,west,1.0,long,0
69882.14,,4,north,1.0,long,0
75224.97,,2,north,1.0,short,0
79803.22,,2,west,1.0,long,0
73330.9,52.0,5,south,1.0,,0
57435.8,24.0,1,south,1.0,long,0
1243251.92,,4,east,1.0,short,0
77846.17,56.0,2,south,1.0,,0
87770.93,74.0,6,east,1.0,long,0
89025.73,51.0,7,south,1.0,short,0
595011.7,19.0,6,west,1.0,,0
67757.59,63.0,5,north,1.0,long,0
75491.3,65.0,4,east,1.0,,0
37017.16,,4,south,1.0,,0
37460.54,69.0,3,south,1.0,long,0
34013.77,,5,west,1.0,long,0
1686704.69,67.0,5,south,1.0,long,0
53333.66,71.0,1,north,1.0,long,0
31286.59,27.0,4,south,1.0,long,0
62987.16,39.0,0,north,1.0,short,1
58087.62,29.0,2,south,1.0,long,0
83644.8,70.0,1,north,1.0,long,0
100259.58,,2,east,1.0,long,0
69129.01,64.0,6,north,1.0,short,0
46067.39,48.0,2,south,1.0,short,0
1160363.83,,4,west,1.0,long,0
60186.06,,0,east,1.0,long,0
1569011.49,69.0,4,east,1.0,long,0
42767.98,36.0,4,west,1.0,long,0
50715.6,81.0,2,west,1.0,long,0
56444.18,69.0,1,west,1.0,short,0
76081.93,76.0,3,west,1.0,long,0
973858.88,30.0,4,south,1.0,short,0
96511.52,18.0,1,east,1.0,short,0
73486.76,22.0,4,west,1.0,long,0
68485.9,,5,east,1.0,long,0
53875.39,74.0,3,north,1.0,long,0
39250.74,83.0,5,east,1.0,,1
48602.13,87.0,5,north,1.0,short,0
46003.23,61.0,3,east,1.0,short,0
8781.86,63.0,6,west,1.0,short,0
39827.36,38.0,0,east,1.0,short,0
92044.2,18.0,4,east,1.0,short,0
67372.0,,3,east,1.0,short,0
52469.52,22.0,7,east,1.0,long,0
67969.6,67.0,1,south,1.0,long,0
20931.91,54.0,4,north,1.0,short,0
65641.95,73.0,2,east,1.0,long,0
85549.85,28.0,2,south,1.0,short,0
1683206.85,83.0,2,north,1.0,short,0
696774.79,,1,west,1.0,long,0
51721.19,83.0,3,east,1.0,short,0
85585.24,64.0,0,east,1.0,short,0
1767547.67,42.0,3,east,1.0,short,0
31633.8,63.0,6,north,1.0,long,0
107352.58,61.0,6,east,1.0,short,0
34923.83,31.0,4,east,1.0,long,0
55141.51,25.0,3,east,1.0,short,0
1145706.86,,5,north,1.0,long,0
39279.96,24.0,1,west,1.0,long,0
50956.98,25.0,5,east,1.0,short,0
72723.0,23.0,4,west,1.0,short,0
85810.63,62.0,1,east,1.0,short,0
52276.64,,3,south,1.0,long,0
39797.13,53.0,2,west,1.0,long,0
69572.79,28.0,2,south,1.0,short,0
70159.27,54.0,3,south,1.0,long,0
64807.53,52.0,4,north,1.0,long,1
65514.8,60.0,4,north,1.0,long,0
57748.67,49.0,3,north,1.0,short,0
61963.02,,8,south,1.0,short,0
56366.98,41.0,3,south,1.0,short,0
81404.87,83.0,3,south,1.0,long,0
104569.19,56.0,3,west,1.0,short,0
63593.06,40.0,4,east,1.0,short,0
59868.56,18.0,1,west,1.0,long,0
65117.23,66.0,3,west,1.0,long,0
46841.56,45.0,4,north,1.0,long,0
75299.57,,0,east,1.0,short,0
1035117.24,,2,west,1.0,short,1
51590.6,52.0,2,south,1.0,short,0
78041.34,75.0,3,south,1.0,long,0
1668416.79,,3,east,1.0,long,0
40598.87,68.0,5,west,1.0,long,0
67032.09,,3,north,1.0,long,0
64739.85,79.0,3,south,1.0,short,0
79208.36,18.0,4,north,1.0,long,1
76630.94,45.0,2,east,1.0,long,0
57815.47,,0,north,1.0,long,0
50558.26,28.0,1,south,1.0,short,0
60034.88,49.0,4,south,1.0,long,0
67266.18,46.0,2,north,1.0,long,0
69675.09,76.0,2,east,1.0,short,0
66028.24,87.0,3,south,1.0,long,0
58184.76,25.0,8,south,1.0,long,0
79936.34,33.0,1,east,1.0,short,0
46513.96,73.0,1,west,1.0,short,0
109588.07,30.0,2,west,1.0,long,0
75261.41,53.0,3,north,1.0,,0
37450.29,85.0,5,east,1.0,short,0
63704.59,,4,south,1.0,long,0
75453.67,86.0,2,west,1.0,long,0
53012.62,,9,south,1.0,long,0
30097.12,28.0,1,north,1.0,long,0
39218.72,30.0,8,west,1.0,short,0
70841.86,73.0,4,west,1.0,long,0
24907.67,,4,south,1.0,long,0
554477.3,48.0,4,west,1.0,,0
70736.69,76.0,4,south,1.0,short,0
55549.02,53.0,5,south,1.0,,0
46084.39,85.0,4,south,1.0,long,0
50105.36,,2,south,1.0,long,0
713489.11,45.0,4,west,1.0,long,0
69689.07,,3,north,1.0,long,0
800717.56,57.0,4,east,1.0,long,0
49284.96,,4,north,1.0,,0
66935.7,,5,north,1.0,short,0
54867.45,73.0,2,north,1.0,short,0
45906.93,,4,south,1.0,,0
20211.23,18.0,2,east,1.0,,0
67348.52,25.0,8,east,1.0,long,0
61579.86,,2,west,1.0,long,0
697018.11,,3,north,1.0,,1
39252.02,64.0,2,north,1.0,long,0
60255.25,,4,west,1.0,short,0
69609.44,72.0,4,west,1.0,short,1
61955.18,,2,east,1.0,short,0
92761.31,84.0,1,west,1.0,short,1
74095.49,44.0,2,west,1.0,short,0
57854.34,,4,east,1.0,short,0
74765.58,28.0,4,south,1.0,,0
60973.25,70.0,3,west,1.0,long,0
60903.86,70.0,3,east,1.0,short,0
85927.28,36.0,1,west,1.0,long,0
935915.34,22.0,3,north,1.0,short,0
60466.19,89.0,6,north,1.0,long,0
83794.2,23.0,2,east,1.0,,0
66179.81,,3,west,1.0,short,0
52618.94,18.0,5,east,1.0,long,0
523924.07,48.0,2,south,1.0,long,0
14593.06,,7,north,1.0,long,0
101523.62,54.0,5,north,1.0,long,1
66170.24,,5,north,1.0,long,0
48318.54,46.0,3,north,1.0,short,0
66989.14,,5,east,1.0,short,0
41046.52,60.0,5,east,1.0,,0
53375.97,18.0,1,south,1.0,short,0
41181.19,43.0,3,west,1.0,short,0
31734.53,,0,south,1.0,long,0
17900.3,35.0,2,south,1.0,long,0
28046.85,22.0,2,east,1.0,short,0
80425.76,84.0,3,east,1.0,short,0
40262.36,,2,north,1.0,short,0
70697.84,84.0,0,south,1.0,short,0
79132.95,67.0,3,east,1.0,short,0
60331.59,53.0,2,west,1.0,long,0
54028.66,30.0,4,south,1.0,short,0
62660.46,87.0,3,north,1.0,long,0
51667.59,84.0,2,west,1.0,long,0
84078.19,47.0,5,east,1.0,long,0
97530.68,34.0,3,south,1.0,long,0
88996.24,45.0,6,east,1.0,long,0
378995.9,46.0,2,west,1.0,long,0
51259.46,84.0,1,north,1.0,long,0
60083.18,22.0,7,south,1.0,short,0
69261.16,63.0,7,west,1.0,long,0
25453.71,,2,south,1.0,short,0
25131.13,72.0,2,west,1.0,long,0
86135.79,31.0,1,south,1.0,short,0
48817.61,47.0,3,south,1.0,short,0
30251.87,,1,north,1.0,short,0
37927.18,,0,east,1.0,,0
67809.49,,0,north,1.0,short,0
43549.05,23.0,1,west,1.0,,0
64832.51,19.0,4,north,1.0,short,0
40425.45,87.0,5,north,1.0,,0
25116.0,48.0,7,south,1.0,,0
88487.6,34.0,2,north,1.0,short,0
67963.8,75.0,3,south,1.0,,0
53324.98,53.0,3,east,1.0,short,1
49572.77,44.0,4,east,1.0,long,0
89298.01,26.0,2,east,1.0,short,0
71830.6,45.0,2,north,1.0,long,0
82936.26,64.0,4,east,1.0,,1
1238398.83,62.0,4,north,1.0,short,0
61013.33,,4,east,1.0,short,0
68043.98,,3,west,1.0,long,0
48998.62,,3,east,1.0,short,0
58089.36,84.0,2,south,1.0,short,0
48327.79,56.0,4,north,1.0,short,1
67981.18,34.0,2,west,1.0,long,0
33572.12,27.0,2,north,1.0,long,0
71439.4,29.0,3,south,1.0,short,0
66214.26,18.0,0,north,1.0,,0
565756.91,58.0,3,north,1.0,short,0
68990.34,,5,south,1.0,,0
52701.19,34.0,2,east,1.0,long,0
46597.39,70.0,5,west,1.0,short,0
70874.52,41.0,3,east,1.0,,1
1154056.87,77.0,3,west,1.0,short,0
49854.6,27.0,3,west,1.0,long,0
48138.95,42.0,3,south,1.0,short,0
56340.53,21.0,5,south,1.0,long,0
48959.89,56.0,4,east,1.0,long,0
2698200.07,26.0,4,south,1.0,long,0
66329.51,,4,south,1.0,short,0
60292.0,,3,north,1.0,long,0
41345.5,81.0,3,south,1.0,long,0
74779.79,57.0,3,south,1.0,long,0
47767.9,87.0,0,west,1.0,short,0
46945.05,72.0,1,west,1.0,short,0
75452.29,,3,south,1.0,short,0
67746.45,89.0,5,north,1.0,short,0
9931.05,24.0,6,west,1.0,,0
56844.58,34.0,6,south,1.0,short,0
62510.39,49.0,4,north,1.0,short,0
53208.08,62.0,1,west,1.0,long,0
63207.27,89.0,1,south,1.0,short,0
610810.61,25.0,2,north,1.0,short,1
3379.59,,7,east,1.0,long,0
908267.17,39.0,5,west,1.0,short,0
65644.94,,2,west,1.0,short,0
-4499.12,86.0,1,south,1.0,long,0
43129.08,85.0,2,east,1.0,short,0
21544.78,71.0,3,south,1.0,,0
617468.46,73.0,2,west,1.0,short,0
99157.99,,3,north,1.0,short,0
55656.48,61.0,1,west,1.0,long,1
57849.94,30.0,4,south,1.0,long,0
76784.62,54.0,4,east,1.0,long,0
60426.13,39.0,3,east,1.0,long,0
55700.16,,4,south,1.0,long,0
78532.92,,2,north,1.0,long,0
69437.74,46.0,3,south,1.0,long,0
1842090.86,47.0,0,east,1.0,short,0
57224.4,,2,east,1.0,,0
53078.71,85.0,0,east,1.0,long,0
78343.42,,5,east,1.0,short,0
53270.75,89.0,2,north,1.0,short,0
84625.06,72.0,1,south,1.0,long,0
39057.07,78.0,4,south,1.0,short,0
88675.68,83.0,3,south,1.0,long,0
69440.8,,2,south,1.0,long,0
40629.3,57.0,2,north,1.0,short,0
70179.57,38.0,0,west,1.0,long,0
1094532.4,,2,north,1.0,short,0
60668.56,51.0,3,east,1.0,,0
50267.46,,5,south,1.0,,0
57341.76,33.0,6,east,1.0,long,0
78828.62,76.0,3,west,1.0,short,0
70370.23,,1,east,1.0,short,0
37492.69,62.0,2,west,1.0,short,0
38638.07,73.0,4,south,1.0,long,0
1917692.88,36.0,3,west,1.0,short,0
66863.74,50.0,3,north,1.0,short,0
46511.1,81.0,2,east,1.0,short,0
91826.31,78.0,8,north,1.0,long,0
76269.9,84.0,2,north,1.0,long,0
47488.47,63.0,5,west,1.0,long,0
45554.89,,1,east,1.0,short,0
55443.74,,3,east,1.0,,0
53362.91,61.0,6,west,1.0,long,0
85123.15,,3,south,1.0,long,0
79690.46,88.0,5,east,1.0,short,0
60701.39,44.0,2,north,1.0,long,1
73558.11,,1,south,1.0,,0
76459.5,54.0,0,south,1.0,,0
61165.21,25.0,1,east,1.0,short,0
68052.37,65.0,2,north,1.0,long,0
71883.75,88.0,3,north,1.0,long,0
69752.11,50.0,3,north,1.0,short,1
44423.92,57.0,1,south,1.0,short,0
46445.8,84.0,2,east,1.0,long,0
54228.11,,3,north,1.0,long,0
45866.71,46.0,4,west,1.0,short,0
30537.99,72.0,6,south,1.0,long,0
73519.04,,6,south,1.0,long,0
66928.16,64.0,2,west,1.0,,0
33212.67,69.0,1,north,1.0,long,0
55181.67,41.0,3,north,1.0,short,0
56314.28,39.0,4,south,1.0,,0
63638.89,19.0,5,north,1.0,short,0
38361.55,79.0,4,east,1.0,,0
32920.12,37.0,7,west,1.0,long,0
70394.49,66.0,4,south,1.0,long,0
29320.76,67.0,1,west,1.0,long,0
55346.73,68.0,3,north,1.0,short,0
53478.46,80.0,1,east,1.0,long,0
57534.31,80.0,3,east,1.0,short,0
65054.35,18.0,2,south,1.0,long,0
91971.41,,0,west,1.0,,0
28010.16,32.0,0,south,1.0,short,0
77531.63,64.0,5,west,1.0,,0
149433.1,,3,east,1.0,long,0
87874.22,21.0,1,north,1.0,long,0
19142.61,38.0,4,west,1.0,long,1
108727.89,83.0,1,north,1.0,short,0
52204.64,28.0,4,north,1.0,long,0
85807.66,34.0,6,west,1.0,long,0
81683.12,23.0,4,west,1.0,long,1
51270.22,30.0,4,south,1.0,short,1
52805.02,63.0,4,east,1.0,short,0
43256.82,78.0,3,east,1.0,long,0
75747.4,60.0,2,east,1.0,,0
51530.64,,7,west,1.0,long,0
839824.96,,3,north,1.0,,0
70745.52,44.0,3,north,1.0,long,1
42056.47,40.0,3,west,1.0,short,0
53420.35,54.0,0,east,1.0,long,0
62142.12,27.0,3,east,1.0,long,0
47151.41,43.0,4,south,1.0,long,0
764727.59,75.0,2,south,1.0,short,0
90699.66,,0,north,1.0,short,0
55915.3,89.0,3,south,1.0,short,0
52807.46,,4,north,1.0,long,0
56497.5,43.0,2,south,1.0,long,0
69089.1,73.0,3,west,1.0,short,0
39322.73,80.0,3,north,1.0,short,0
68544.31,,4,east,1.0,long,0
65116.4,72.0,3,north,1.0,long,0
24226.89,54.0,0,east,1.0,short,0
95885.11,83.0,1,south,1.0,,0
89216.27,35.0,2,east,1.0,short,0
43988.74,48.0,3,south,1.0,long,1
685412.9,36.0,3,west,1.0,long,0
64561.03,25.0,5,east,1.0,long,0
31482.73,62.0,1,east,1.0,long,0
87285.66,26.0,3,east,1.0,long,0
50630.93,34.0,4,west,1.0,long,0
92436.14,72.0,2,east,1.0,short,0
43511.93,35.0,4,north,1.0,short,0
57755.96,,1,north,1.0,long,0
1824598.1,,3,east,1.0,short,0
53535.21,,2,south,1.0,short,0
65441.83,22.0,7,east,1.0,long,0
81853.18,22.0,3,east,1.0,long,0
48879.05,,5,north,1.0,long,0
34765.22,,3,east,1.0,short,0
30825.79,82.0,3,west,1.0,long,0
71668.65,61.0,2,south,1.0,short,1
67775.57,,0,west,1.0,short,0
81233.26,,5,west,1.0,long,0
54519.11,45.0,3,south,1.0,short,0
31385.25,46.0,3,west,1.0,short,1
12944.95,47.0,2,west,1.0,short,0
1516874.22,64.0,8,west,1.0,short,0
70538.46,,1,south,1.0,long,0
1835535.88,57.0,2,east,1.0,short,1
65572.8,38.0,2,east,1.0,long,0
31373.22,82.0,1,south,1.0,short,0
44102.56,61.0,2,east,1.0,long,0
94866.6,77.0,4,west,1.0,long,0
73166.95,,1,north,1.0,short,0
44728.05,32.0,3,west,1.0,,0
35463.69,86.0,1,south,1.0,long,0
49686.12,,3,west,1.0,short,0
53691.39,40.0,1,north,1.0,long,0
100982.92,,3,west,1.0,long,0
1096859.0,18.0,1,south,1.0,long,0
36208.96,,5,west,1.0,long,0
58827.95,59.0,3,south,1.0,long,1
65286.77,60.0,6,east,1.0,long,0
34389.07,18.0,5,east,1.0,long,0
68043.31,30.0,2,north,1.0,,0
84178.32,69.0,5,north,1.0,long,0
62773.43,58.0,1,east,1.0,,0
44058.7,,2,south,1.0,,1
49422.59,65.0,5,east,1.0,short,0
26823.28,,1,west,1.0,short,0
57323.3,37.0,5,west,1.0,long,1
66215.6,,0,north,1.0,short,0
42067.35,88.0,3,south,1.0,long,0
98794.0,52.0,3,north,1.0,short,0
75845.59,34.0,4,east,1.0,long,0
24144.45,87.0,5,east,1.0,long,0
24554.75,,4,west,1.0,short,0
40319.52,50.0,3,south,1.0,short,0
91463.71,,1,south,1.0,long,0
1000905.52,78.0,7,east,1.0,short,0
92474.24,18.0,4,north,1.0,,0
60204.19,40.0,4,north,1.0,short,0
55810.21,57.0,9,east,1.0,long,0
499521.54,65.0,1,south,1.0,short,0
66993.68,,6,south,1.0,short,0
56076.64,,5,west,1.0,short,0
55306.56,80.0,5,north,1.0,long,0
92361.02,64.0,2,west,1.0,short,0
1218243.18,56.0,4,east,1.0,long,0
86619.63,85.0,7,south,1.0,long,0
28238.51,,3,west,1.0,short,1
113762.24,69.0,2,east,1.0,short,0
52534.59,84.0,5,south,1.0,long,0
74143.68,65.0,2,south,1.0,,0
2043641.35,58.0,4,south,1.0,long,0
50052.87,44.0,1,west,1.0,short,0
76380.6,37.0,3,south,1.0,short,0
77420.06,57.0,3,north,1.0,long,0
45737.11,82.0,5,east,1.0,short,0
45974.0,51.0,4,west,1.0,long,0
60906.14,26.0,2,south,1.0,long,0
57690.12,52.0,2,west,1.0,long,0
87862.6,25.0,2,south,1.0,short,0
74053.36,85.0,3,south,1.0,short,0
58591.53,56.0,5,east,1.0,,0
1623260.73,33.0,3,north,1.0,long,0
19066.94,62.0,3,west,1.0,long,0
47693.78,56.0,2,east,1.0,long,1
833419.52,54.0,7,south,1.0,long,0
82307.31,60.0,4,north,1.0,short,0
63995.39,84.0,1,east,1.0,long,0
89164.78,79.0,4,east,1.0,long,0
77358.8,36.0,2,west,1.0,long,0
50233.41,35.0,2,south,1.0,short,0
57199.39,89.0,2,north,1.0,long,0
68168.43,64.0,6,south,1.0,long,0
654985.45,19.0,4,west,1.0,long,0
90625.8,,2,west,1.0,short,0
37825.48,,3,south,1.0,short,0
66322.13,20.0,1,north,1.0,long,0
74708.94,31.0,4,north,1.0,short,1
53731.06,36.0,2,east,1.0,short,0
49224.01,23.0,1,north,1.0,,0
58478.37,,5,east,1.0,short,0
76239.97,49.0,3,north,1.0,long,1
1089645.55,57.0,1,south,1.0,long,0
779829.75,80.0,3,west,1.0,,1
83011.7,78.0,1,south,1.0,short,0
67985.93,77.0,4,east,1.0,,0
2211635.75,32.0,3,south,1.0,long,0
1002407.34,,1,west,1.0,long,0
103597.79,89.0,2,south,1.0,short,0
82299.44,18.0,2,west,1.0,short,0
893693.76,80.0,1,west,1.0,,0
1168332.42,80.0,2,south,1.0,short,0
48850.23,78.0,4,north,1.0,long,0
50917.48,46.0,2,west,1.0,short,0
31749.99,,1,east,1.0,long,0
54277.74,70.0,1,west,1.0,long,1
70900.69,62.0,3,south,1.0,long,0
58679.57,70.0,2,south,1.0,short,0
38012.63,,4,north,1.0,short,0
29539.61,30.0,1,west,1.0,short,0
102236.92,,3,west,1.0,long,0
66503.22,55.0,4,west,1.0,,0
1207770.5,,3,south,1.0,long,0
69235.67,84.0,5,south,1.0,long,0
103783.72,51.0,3,south,1.0,short,0
72409.25,,7,north,1.0,short,0
4258.64,82.0,2,north,1.0,short,0
113045.83,69.0,8,south,1.0,short,0
23015.07,65.0,9,east,1.0,,0
55879.76,,2,west,1.0,,0
37331.91,35.0,1,west,1.0,long,0
45199.96,43.0,3,east,1.0,,0
65688.19,20.0,4,west,1.0,,1
18579.53,45.0,3,west,1.0,short,0
58195.09,50.0,3,east,1.0,long,0
82946.85,50.0,1,west,1.0,long,0
43135.19,28.0,5,west,1.0,short,0
32194.3,76.0,3,north,1.0,,0
57213.9,,2,south,1.0,short,1
53233.17,49.0,3,west,1.0,short,0
48095.45,80.0,2,north,1.0,short,0
36233.08,53.0,2,east,1.0,,0
70383.69,82.0,4,south,1.0,short,0
71905.27,,3,east,1.0,short,0
38687.07,79.0,2,west,1.0,short,0
41454.93,89.0,4,south,1.0,,0
62729.84,72.0,5,north,1.0,short,0
40700.57,,2,south,1.0,,0
63573.24,71.0,3,east,1.0,short,0
89360.93,61.0,4,south,1.0,long,0
58803.55,,1,east,1.0,long,0
35727.67,87.0,3,south,1.0,long,0
67842.07,61.0,1,east,1.0,long,0
56446.91,67.0,6,north,1.0,long,0
56996.86,,2,south,1.0,long,0
69506.46,87.0,4,south,1.0,short,0
73820.75,,4,east,1.0,short,0
60710.04,29.0,4,east,1.0,long,0
1098376.26,,2,east,1.0,short,0
101270.83,34.0,2,west,1.0,long,0
84011.08,,0,west,1.0,long,0
76670.92,81.0,6,north,1.0,long,0
62624.12,51.0,3,east,1.0,short,0
910341.6,48.0,3,north,1.0,short,0
82547.73,,4,south,1.0,short,0
62885.88,44.0,1,east,1.0,short,0
48456.62,81.0,5,south,1.0,short,0
55137.19,72.0,2,east,1.0,short,0
40676.35,36.0,1,west,1.0,short,0
81146.58,63.0,1,east,1.0,short,1
73660.74,52.0,2,east,1.0,short,0
63632.65,42.0,2,west,1.0,short,0
59144.29,,4,east,1.0,short,0
46386.62,,2,north,1.0,long,0
17398.55,26.0,2,east,1.0,,0
31741.46,47.0,9,south,1.0,short,0
936237.65,55.0,4,north,1.0,long,0
776733.14,,2,west,1.0,,0
65787.21,71.0,2,west,1.0,long,1
76229.87,34.0,3,east,1.0,,0
57431.22,24.0,5,east,1.0,short,0
88178.34,56.0,6,east,1.0,long,0
44342.05,,0,south,1.0,short,0
57289.26,74.0,1,west,1.0,long,0
58980.26,,1,east,1.0,short,0
81843.73,48.0,1,south,1.0,long,0
62117.74,21.0,3,east,1.0,long,1
62671.38,,3,north,1.0,long,0
26903.14,85.0,4,south,1.0,short,0
42001.87,64.0,2,north,1.0,long,0
81919.05,56.0,4,north,1.0,long,0
18493.15,29.0,4,west,1.0,short,0
86859.85,40.0,3,south,1.0,short,0
69993.29,45.0,3,west,1.0,long,0
45049.57,59.0,6,east,1.0,long,0
43359.02,32.0,3,north,1.0,short,0
97919.11,,5,north,1.0,long,0
88228.12,,4,south,1.0,long,0
57611.18,,4,north,1.0,long,0
62691.83,26.0,3,east,1.0,short,1
47076.37,60.0,1,south,1.0,long,0
1258181.6,,4,north,1.0,,0
46521.93,66.0,2,east,1.0,long,0
835472.61,60.0,2,west,1.0,,0
96206.59,64.0,1,west,1.0,,0
58087.72,78.0,3,south,1.0,short,1
39039.56,55.0,3,north,1.0,,1
32672.56,,1,west,1.0,long,0
62542.36,43.0,3,east,1.0,short,0
44782.1,85.0,3,west,1.0,short,0
1685892.17,47.0,1,north,1.0,long,0
27609.94,66.0,2,south,1.0,short,0
73805.0,89.0,2,south,1.0,long,0
38796.7,43.0,2,east,1.0,long,0
60925.95,,0,east,1.0,short,0
53233.94,34.0,0,east,1.0,long,0
94367.78,35.0,1,south,1.0,short,0
63429.78,22.0,3,south,1.0,long,0
98909.44,57.0,3,north,1.0,short,0
71214.85,37.0,1,south,1.0,short,0
88508.12,,1,north,1.0,long,0
55824.04,27.0,3,west,1.0,short,0
66910.06,37.0,3,east,1.0,long,0
84372.87,44.0,4,east,1.0,short,0
78099.2,88.0,5,west,1.0,short,0
70619.87,68.0,5,east,1.0,long,0
905626.72,69.0,5,south,1.0,short,0
56824.47,67.0,3,south,1.0,long,0
82753.24,75.0,2,north,1.0,short,0
2170658.99,40.0,1,east,1.0,,0
48142.75,25.0,1,west,1.0,long,0
45124.82,,6,east,1.0,,0
41917.32,18.0,6,south,1.0,long,0
76594.01,,2,south,1.0,short,0
41410.5,72.0,0,south,1.0,long,0
76352.07,54.0,4,south,1.0,short,0
70913.81,67.0,4,north,1.0,long,0
635724.21,54.0,3,south,1.0,short,0
91277.19,57.0,1,north,1.0,short,0
30754.82,,3,east,1.0,short,0
1387691.86,33.0,3,west,1.0,short,1
66377.72,36.0,3,north,1.0,short,0
18530.67,,4,north,1.0,short,0
91837.59,88.0,2,west,1.0,short,0
79444.25,23.0,4,south,1.0,short,0
715871.72,56.0,4,south,1.0,short,0
40705.59,51.0,5,west,1.0,long,0
28618.67,58.0,6,west,1.0,long,0
108308.92,34.0,5,east,1.0,long,0
41532.36,,2,north,1.0,long,0
34728.23,32.0,2,east,1.0,short,0
65358.38,31.0,1,east,1.0,short,0
27242.13,21.0,2,south,1.0,long,0
40369.03,43.0,4,east,1.0,short,0
79899.38,,5,east,1.0,short,0
69284.21,87.0,3,east,1.0,long,0
52272.6,65.0,3,east,1.0,long,0
60366.13,30.0,7,west,1.0,short,0
51150.59,44.0,5,north,1.0,long,0
58760.04,39.0,1,north,1.0,short,1
44763.77,33.0,4,north,1.0,short,0
48395.21,89.0,1,north,1.0,short,0
47786.44,65.0,3,south,1.0,short,0
45482.78,,5,north,1.0,short,0
80878.22,49.0,2,north,1.0,short,0
1867713.32,40.0,1,east,1.0,long,0
41352.73,48.0,5,west,1.0,short,0
36112.12,,2,west,1.0,long,0
56854.47,84.0,3,north,1.0,short,1
103105.75,53.0,5,north,1.0,short,1
39445.9,,2,east,1.0,short,0
56775.51,86.0,5,west,1.0,short,0
61774.41,40.0,5,west,1.0,long,0
57827.16,23.0,2,south,1.0,long,0
50835.8,57.0,3,north,1.0,long,0
83101.6,74.0,3,west,1.0,long,0
69089.17,36.0,2,south,1.0,long,0
76916.11,38.0,2,south,1.0,long,0
71787.6,,1,south,1.0,long,0
77878.97,76.0,1,west,1.0,long,0
91688.12,86.0,4,south,1.0,short,0
86620.88,,6,east,1.0,short,0
106496.08,34.0,5,east,1.0,short,0
84346.83,,3,west,1.0,short,0
46611.06,40.0,4,west,1.0,long,1
76946.24,80.0,1,east,1.0,short,0
780290.49,89.0,3,north,1.0,long,0
98405.9,,9,south,1.0,long,0
40656.83,,2,east,1.0,long,1
71159.02,28.0,4,west,1.0,short,0
46378.59,65.0,5,west,1.0,,0
70250.9,21.0,1,south,1.0,,0
55705.07,64.0,2,east,1.0,long,0
69589.38,,6,south,1.0,long,0
31793.24,87.0,5,east,1.0,long,0
75864.53,,5,south,1.0,long,0
64121.19,72.0,5,east,1.0,long,0
63043.86,39.0,3,west,1.0,,0
99004.57,23.0,4,west,1.0,short,0
52350.33,71.0,3,east,1.0,short,0
66845.31,33.0,4,west,1.0,short,1
62005.41,,5,north,1.0,short,0
63960.78,,4,north,1.0,short,1
104436.08,,2,west,1.0,long,0
61276.14,43.0,3,east,1.0,long,0
48654.4,46.0,2,south,1.0,,0
97418.06,71.0,2,east,1.0,long,0
53846.22,74.0,1,north,1.0,long,0
27896.44,27.0,2,north,1.0,short,0
45183.13,,5,north,1.0,long,0
708978.6,53.0,3,east,1.0,short,0
24000.69,89.0,6,north,1.0,,0
52739.7,63.0,2,north,1.0,long,0
58595.68,73.0,2,east,1.0,short,0
83610.56,,1,east,1.0,long,0
72588.03,38.0,2,south,1.0,,0
71676.69,74.0,2,east,1.0,short,0
42135.8,19.0,2,north,1.0,long,0
1622973.59,,3,south,1.0,long,0
87824.66,,3,south,1.0,long,0
67891.42,89.0,2,south,1.0,short,0
964203.77,69.0,3,west,1.0,long,0
34706.15,53.0,2,north,1.0,long,0
81088.72,76.0,2,east,1.0,short,0
95616.61,19.0,1,south,1.0,long,0
66459.05,75.0,2,south,1.0,long,0
48112.85,31.0,4,north,1.0,short,0
56760.1,,1,east,1.0,,0
51591.59,43.0,3,north,1.0,,0
52791.01,72.0,1,north,1.0,short,0
72959.66,61.0,5,south,1.0,long,0
65589.28,84.0,2,west,1.0,,0
80078.73,74.0,1,north,1.0,short,0
67418.05,,2,north,1.0,long,0
42718.24,,3,south,1.0,long,0
678856.74,,2,north,1.0,short,0
48743.18,49.0,4,east,1.0,long,0
56270.6,20.0,4,south,1.0,short,0
95894.27,,1,east,1.0,long,1
99097.99,20.0,0,north,1.0,short,0
1703113.05,,1,north,1.0,long,0
62375.28,50.0,1,north,1.0,,0
32766.96,72.0,1,east,1.0,short,0
64400.17,78.0,2,east,1.0,long,0
44199.85,20.0,5,north,1.0,,0
92610.44,79.0,2,south,1.0,long,0
27877.89,34.0,1,east,1.0,long,1
67689.69,47.0,4,north,1.0,long,0
42515.21,87.0,1,north,1.0,long,0
59809.7,,6,east,1.0,short,0
73321.36,85.0,4,east,1.0,long,0
1699908.53,54.0,2,east,1.0,short,0
58786.2,18.0,2,south,1.0,,0
75224.33,77.0,1,west,1.0,short,0
46750.6,21.0,2,north,1.0,long,1
64910.77,63.0,1,north,1.0,long,0
80044.15,51.0,2,east,1.0,long,0
66641.99,,2,west,1.0,long,0
49413.13,55.0,0,north,1.0,short,0
54419.15,,4,east,1.0,short,0
1569473.37,25.0,4,west,1.0,long,0
38163.11,57.0,2,east,1.0,long,1
41113.7,21.0,3,west,1.0,short,0
72031.78,56.0,1,south,1.0,short,0
51217.13,34.0,5,west,1.0,,0
30938.84,77.0,5,south,1.0,long,0
87016.37,86.0,4,south,1.0,short,0
38007.99,85.0,2,north,1.0,long,0
56011.4,,5,west,1.0,long,0
47609.59,,1,east,1.0,,0
54046.33,54.0,5,west,1.0,short,0
42307.61,34.0,1,east,1.0,long,0
74285.58,24.0,0,south,1.0,short,0
62216.47,46.0,4,north,1.0,short,0
79673.07,48.0,8,east,1.0,short,0
47816.64,39.0,3,south,1.0,,0
102660.44,,3,east,1.0,long,0
21907.02,,2,west,1.0,short,0
28297.3,29.0,3,east,1.0,long,0
95061.7,20.0,4,south,1.0,long,0
883674.61,50.0,6,west,1.0,long,0
66827.72,,3,east,1.0,short,0
68625.51,87.0,3,south,1.0,short,1
870907.72,78.0,0,west,1.0,short,1
65995.35,,3,south,1.0,short,0
40681.91,25.0,1,north,1.0,long,0
76363.82,51.0,7,north,1.0,short,0
73213.56,77.0,3,east,1.0,short,0
88568.62,,2,east,1.0,short,0
95284.82,40.0,2,west,1.0,short,0
66609.52,77.0,4,north,1.0,short,0
35449.02,40.0,3,south,1.0,short,0
95450.46,88.0,1,north,1.0,,1
39637.0,25.0,3,south,1.0,long,0
1648872.76,68.0,3,west,1.0,long,0
54865.32,18.0,3,west,1.0,long,1
934936.01,,3,south,1.0,short,0
1461720.26,43.0,0,north,1.0,long,0
64889.19,19.0,1,west,1.0,long,0
70264.83,78.0,7,north,1.0,long,0
612138.52,87.0,6,north,1.0,long,0
56518.5,,3,south,1.0,short,0
44609.3,52.0,0,west,1.0,long,0
56018.57,22.0,4,west,1.0,,0
57624.76,34.0,4,south,1.0,short,0
96886.08,20.0,0,south,1.0,,0
54812.23,,3,north,1.0,short,0
17488.03,,5,south,1.0,long,1
87901.83,58.0,4,east,1.0,short,0
68985.19,73.0,4,south,1.0,long,0
57379.79,60.0,3,west,1.0,short,1
1201663.98,32.0,1,south,1.0,short,0
41061.49,61.0,7,west,1.0,short,0
98760.96,34.0,2,east,1.0,short,0
61036.9,51.0,4,east,1.0,long,0
25244.98,82.0,3,west,1.0,long,1
66554.8,27.0,2,west,1.0,,0
84123.43,80.0,2,south,1.0,long,0
63128.69,37.0,6,south,1.0,long,0
41968.13,66.0,3,east,1.0,long,0
40178.51,,4,north,1.0,short,0
41653.62,29.0,4,east,1.0,short,0
90433.16,50.0,5,south,1.0,long,0
1262862.22,45.0,1,west,1.0,short,0
26425.51,,3,north,1.0,long,0
67682.68,35.0,3,east,1.0,short,0
62820.74,,4,east,1.0,short,1
51022.09,66.0,4,north,1.0,short,0
39591.86,78.0,4,east,1.0,long,0
38722.1,74.0,2,east,1.0,long,0
81732.68,70.0,2,south,1.0,short,0
64950.26,28.0,8,east,1.0,short,0
69572.87,60.0,2,south,1.0,,0
64895.18,82.0,1,east,1.0,,0
66553.77,24.0,3,north,1.0,long,0
50632.11,51.0,2,south,1.0,long,0
55883.41,31.0,2,north,1.0,long,0
83298.24,,5,north,1.0,long,0
88291.8,85.0,1,north,1.0,,1
35558.16,21.0,3,north,1.0,short,0
55834.82,75.0,1,east,1.0,short,0
1808389.78,,0,north,1.0,long,0
97641.59,87.0,2,south,1.0,long,0
95639.19,19.0,2,north,1.0,short,0
44084.84,31.0,3,south,1.0,short,0
85500.92,69.0,4,north,1.0,,0
61172.73,74.0,3,south,1.0,long,1
80888.33,23.0,2,north,1.0,short,0
75765.57,29.0,4,east,1.0,short,0
34720.72,42.0,3,south,1.0,,0
70999.48,20.0,2,east,1.0,short,0
80113.93,74.0,5,west,1.0,short,0
59596.89,,1,south,1.0,short,0
55073.67,71.0,2,east,1.0,short,0
28566.72,51.0,3,west,1.0,short,0
73672.35,64.0,3,south,1.0,long,1
64174.97,59.0,1,north,1.0,long,0
41556.32,67.0,2,east,1.0,long,0
53483.2,50.0,6,east,1.0,short,0
63090.06,64.0,7,south,1.0,short,0
48827.28,,2,south,1.0,short,0
1579308.12,64.0,1,north,1.0,short,0
25001.35,80.0,5,east,1.0,short,0
86988.43,43.0,2,east,1.0,short,0
60318.19,81.0,4,east,1.0,long,0
38012.93,20.0,5,south,1.0,short,1
10805.82,53.0,2,north,1.0,long,0
1677486.63,49.0,2,east,1.0,long,0
71161.83,80.0,4,east,1.0,long,0
64213.71,21.0,4,north,1.0,short,0
77272.96,,3,north,1.0,short,0
77217.97,51.0,3,south,1.0,long,0
1500270.96,76.0,3,north,1.0,,0
54915.72,51.0,5,north,1.0,long,0
51657.17,64.0,3,east,1.0,long,0
68418.84,30.0,3,south,1.0,long,0
87940.63,85.0,6,south,1.0,long,0
57941.94,74.0,2,east,1.0,,0
89529.55,21.0,1,north,1.0,short,0
902666.99,68.0,4,north,1.0,short,0
67613.82,27.0,2,south,1.0,long,0
108102.19,,4,south,1.0,,1
93053.56,,3,east,1.0,short,0
93572.18,84.0,0,north,1.0,short,0
44047.73,23.0,3,south,1.0,long,0
103843.65,,1,east,1.0,short,0
58355.66,,1,west,1.0,,0
55450.18,36.0,4,east,1.0,long,1
16815.03,,0,east,1.0,short,0
1662689.52,31.0,1,west,1.0,,0
38332.92,29.0,1,east,1.0,long,0
1684295.15,57.0,3,east,1.0,,1
36768.7,67.0,2,east,1.0,long,0
95954.0,,4,west,1.0,short,0
71031.48,,4,west,1.0,,1
105597.43,,4,north,1.0,,0
39539.52,23.0,1,south,1.0,short,0
90983.58,39.0,0,east,1.0,long,0
23945.75,,1,east,1.0,short,0
64161.51,53.0,9,south,1.0,short,0
47367.54,36.0,3,east,1.0,,0
51040.87,,1,south,1.0,long,0
49670.07,87.0,3,east,1.0,,1
41705.68,40.0,1,east,1.0,long,0
34806.23,33.0,1,west,1.0,long,0
51151.46,71.0,1,west,1.0,short,0
62320.57,,2,east,1.0,short,0
83273.89,67.0,0,west,1.0,long,0
65907.01,,0,west,1.0,short,0
83330.8,72.0,2,south,1.0,,1
30436.46,70.0,6,west,1.0,short,0
51340.61,61.0,2,east,1.0,long,0
74220.1,,2,west,1.0,,0
66863.82,,3,north,1.0,,0
42776.5,37.0,2,south,1.0,short,0
78681.38,,1,east,1.0,short,0
49374.54,61.0,2,east,1.0,long,0
849242.94,,3,south,1.0,long,0
69738.96,,5,north,1.0,long,0
60123.39,45.0,2,north,1.0,long,0
49541.75,,1,east,1.0,short,0
48862.63,49.0,1,north,1.0,long,1
38604.06,43.0,7,north,1.0,short,0
52085.04,,3,west,1.0,short,0
82000.19,37.0,6,west,1.0,short,0
64891.01,66.0,1,north,1.0,long,0
79171.88,33.0,1,north,1.0,long,0
70321.37,23.0,2,south,1.0,short,0
1309781.16,37.0,1,east,1.0,long,0
27017.17,89.0,0,north,1.0,short,0
41462.91,28.0,3,west,1.0,long,0
46575.28,28.0,2,south,1.0,short,0
45028.34,47.0,2,east,1.0,short,0
79620.4,,3,north,1.0,short,0
79411.77,,5,south,1.0,long,0
104237.59,35.0,1,east,1.0,long,0
44725.58,48.0,3,east,1.0,long,0
91948.97,38.0,5,north,1.0,short,0
91825.34,35.0,3,south,1.0,short,0
55354.72,,7,north,1.0,,0
69471.11,36.0,3,south,1.0,short,0
84814.66,69.0,0,north,1.0,long,0
58821.51,74.0,1,west,1.0,short,1
57272.16,30.0,3,south,1.0,short,0
47453.25,53.0,1,south,1.0,,0
12799.23,36.0,3,east,1.0,long,0
61409.43,,2,north,1.0,short,0
45802.61,25.0,3,north,1.0,short,1
38493.03,47.0,0,west,1.0,long,0
68443.83,,1,east,1.0,short,0
30973.76,,1,north,1.0,short,1
76121.6,85.0,1,south,1.0,long,0
69671.99,56.0,1,west,1.0,long,0
51996.14,45.0,5,north,1.0,short,0
915620.02,76.0,5,south,1.0,long,0
36195.58,73.0,2,north,1.0,,0
75006.77,28.0,2,east,1.0,long,0
63747.28,51.0,5,east,1.0,long,0
65237.0,47.0,1,east,1.0,short,0
70037.81,,1,south,1.0,short,0
908147.79,43.0,4,south,1.0,long,0
29618.83,77.0,3,east,1.0,short,0
79146.37,89.0,3,west,1.0,short,0
73774.37,19.0,3,west,1.0,long,0
49292.82,79.0,10,west,1.0,long,0
68182.2,80.0,3,north,1.0,long,0
85159.47,,7,south,1.0,long,0
82774.02,52.0,3,south,1.0,long,0
48708.82,25.0,1,west,1.0,long,0
30224.78,43.0,1,south,1.0,long,0
731111.09,,2,north,1.0,long,0
53765.48,83.0,2,south,1.0,short,0
89246.34,25.0,6,north,1.0,short,0
45431.09,42.0,4,south,1.0,short,0
48073.44,,4,south,1.0,,0
47661.78,88.0,2,east,1.0,short,0
49365.38,76.0,3,north,1.0,,0
59775.46,,2,east,1.0,short,0
34399.0,40.0,3,east,1.0,long,1
81687.2,,3,east,1.0,long,1
57103.58,59.0,4,west,1.0,short,0
109582.69,42.0,2,north,1.0,long,0
36528.58,19.0,3,north,1.0,short,0
91797.32,76.0,3,south,1.0,short,0
87826.91,24.0,2,east,1.0,long,0
51766.32,32.0,0,west,1.0,short,0
52098.79,85.0,6,north,1.0,short,0
41574.04,70.0,4,south,1.0,,0
41803.57,64.0,3,east,1.0,long,0
59987.88,,3,east,1.0,long,0
740842.46,36.0,2,east,1.0,long,0
628927.47,32.0,2,east,1.0,short,0
105870.11,64.0,4,north,1.0,,0
54809.66,,2,south,1.0,long,0
61312.25,,7,east,1.0,short,0
47475.25,,2,north,1.0,short,0
54659.81,,3,west,1.0,long,0
52842.44,71.0,1,east,1.0,short,0
59941.39,25.0,3,east,1.0,short,0
59708.2,61.0,3,east,1.0,long,0
76097.33,,3,west,1.0,short,0
64544.4,37.0,2,north,1.0,long,0
74085.66,88.0,5,west,1.0,short,0
59803.78,,6,north,1.0,short,1
64625.05,74.0,3,west,1.0,short,0
55173.89,35.0,2,north,1.0,short,0
80062.23,,2,south,1.0,short,0
66452.45,,3,east,1.0,long,1
841882.23,31.0,3,east,1.0,long,0
56241.8,41.0,3,north,1.0,long,0
57815.21,30.0,4,south,1.0,long,0
60608.88,,4,west,1.0,long,0
58872.78,28.0,5,north,1.0,long,0
48823.17,32.0,3,west,1.0,long,1
75298.01,68.0,3,east,1.0,long,0
1166458.37,21.0,6,west,1.0,long,0
95677.14,49.0,3,west,1.0,,0
47927.41,67.0,2,north,1.0,long,0
73328.77,50.0,4,west,1.0,short,0
21817.25,19.0,6,south,1.0,short,0
76580.86,29.0,4,south,1.0,long,0
30868.36,87.0,6,west,1.0,short,0
40313.38,,4,south,1.0,long,0
66644.51,43.0,3,east,1.0,long,0
47570.02,80.0,1,east,1.0,short,0
44832.93,18.0,5,south,1.0,short,0
50303.68,21.0,2,west,1.0,short,0
74592.52,,7,west,1.0,short,0
41342.19,66.0,0,east,1.0,short,0
58916.9,61.0,5,east,1.0,,0
1274792.39,42.0,3,north,1.0,short,0
76397.82,76.0,3,east,1.0,short,0
76958.44,,6,west,1.0,short,0
23294.36,49.0,5,west,1.0,long,0
2411844.29,45.0,3,east,1.0,long,0
47784.88,43.0,1,west,1.0,short,0
64725.84,,2,west,1.0,,0
41221.83,65.0,2,east,1.0,long,0
67422.69,,3,west,1.0,long,0
3091948.09,47.0,4,north,1.0,long,0
1093825.55,36.0,6,east,1.0,short,0
50803.05,58.0,6,east,1.0,,0
55356.78,,2,south,1.0,,0
780569.3,38.0,1,east,1.0,short,0
88979.27,23.0,4,west,1.0,long,0
66257.66,41.0,4,east,1.0,short,0
39022.04,23.0,5,south,1.0,short,0
39673.63,23.0,2,south,1.0,long,0
1004100.68,87.0,5,east,1.0,long,0
78639.91,74.0,1,east,1.0,,0
36980.2,,6,south,1.0,short,0
82268.19,,2,east,1.0,short,0
58167.33,36.0,2,south,1.0,long,0
41395.13,88.0,1,west,1.0,short,0
50646.19,49.0,3,east,1.0,short,0
1372260.5,36.0,1,west,1.0,long,0
32235.73,63.0,2,south,1.0,short,0
45362.14,52.0,3,south,1.0,,0
79051.67,31.0,1,south,1.0,long,0
64329.14,39.0,2,east,1.0,,0
44175.18,27.0,8,east,1.0,,0
79295.86,67.0,8,east,1.0,,0
80245.91,87.0,2,west,1.0,short,0
66627.81,76.0,6,east,1.0,,0
47752.07,45.0,5,west,1.0,short,0
50833.91,53.0,2,north,1.0,long,0
65693.52,22.0,5,south,1.0,,0
33761.42,44.0,3,east,1.0,short,0
86555.7,20.0,4,south,1.0,,0
94004.18,,1,east,1.0,,0
55280.9,83.0,2,east,1.0,short,0
67122.09,31.0,2,south,1.0,long,0
1161252.24,66.0,3,east,1.0,,0
99111.22,61.0,2,west,1.0,long,0
91139.63,48.0,1,east,1.0,short,0
25289.25,70.0,0,west,1.0,long,0
53688.93,66.0,1,north,1.0,long,0
70013.77,37.0,3,west,1.0,long,0
50115.65,75.0,5,west,1.0,long,0
95655.33,,4,west,1.0,long,1
961911.27,40.0,1,east,1.0,long,0
43681.4,70.0,2,south,1.0,long,0
56752.0,64.0,4,east,1.0,short,0
45008.92,26.0,2,west,1.0,,1
56097.43,,4,west,1.0,long,0
1244584.58,41.0,3,west,1.0,,0
79085.16,,3,west,1.0,,0
42230.71,,5,east,1.0,short,0
7665.01,51.0,2,south,1.0,long,1
27909.14,73.0,3,north,1.0,,0
39433.97,30.0,3,west,1.0,short,0
46886.17,58.0,3,north,1.0,short,0
63743.49,,3,north,1.0,long,0
38404.12,50.0,3,south,1.0,short,0
35777.99,,2,east,1.0,long,0
41411.05,40.0,3,east,1.0,short,0
37686.92,47.0,0,south,1.0,short,0
48910.13,18.0,3,east,1.0,short,0
48054.25,47.0,2,west,1.0,long,0
73781.14,19.0,3,west,1.0,,0
40209.41,88.0,0,west,1.0,long,0
52848.07,35.0,7,west,1.0,long,0
49099.55,76.0,2,north,1.0,short,0
76177.7,26.0,4,north,1.0,long,0
56914.41,,4,north,1.0,long,0
827566.07,26.0,2,north,1.0,short,0
36952.6,44.0,3,west,1.0,,0
59012.67,61.0,1,east,1.0,long,0
48482.18,48.0,2,west,1.0,short,0
35479.08,,2,south,1.0,long,0
58649.78,76.0,2,west,1.0,long,0
94658.56,21.0,4,west,1.0,long,1
42941.82,48.0,3,north,1.0,short,0
57450.9,60.0,3,west,1.0,short,0
33755.37,55.0,4,north,1.0,long,0
30815.44,28.0,1,south,1.0,short,0
44254.95,32.0,4,north,1.0,long,0
51000.34,45.0,2,east,1.0,short,0
51888.34,64.0,4,north,1.0,short,0
55479.5,89.0,4,west,1.0,long,0
27033.35,44.0,1,south,1.0,long,0
47481.08,55.0,3,west,1.0,long,0
1710547.73,,1,south,1.0,long,0
32835.1,20.0,2,east,1.0,long,0
52897.09,46.0,2,east,1.0,short,0
65856.88,43.0,2,west,1.0,long,0
44354.66,28.0,2,south,1.0,short,0
66830.49,,3,east,1.0,long,1
628071.7,36.0,3,south,1.0,long,0
77768.99,34.0,2,north,1.0,,0
67316.01,,1,west,1.0,short,0
61113.31,87.0,1,east,1.0,long,0
2339392.31,63.0,2,south,1.0,long,0
909823.9,48.0,2,west,1.0,,0
47642.88,77.0,2,west,1.0,short,1
87450.89,19.0,1,west,1.0,,0
96815.32,42.0,5,south,1.0,short,0
46131.25,56.0,4,north,1.0,long,1
57725.14,,2,south,1.0,short,1
80900.85,66.0,2,south,1.0,short,0
58437.1,68.0,5,north,1.0,long,0
71891.77,,5,east,1.0,short,0
75608.07,,6,south,1.0,short,0
48753.91,84.0,3,west,1.0,long,0
68385.49,52.0,2,north,1.0,short,0
59876.15,82.0,5,east,1.0,short,0
35662.63,,5,east,1.0,short,1
40206.95,28.0,3,north,1.0,short,0
46951.66,26.0,4,south,1.0,long,0
78570.4,23.0,4,west,1.0,long,0
79227.16,,1,south,1.0,long,1
74998.26,,1,east,1.0,short,0
68802.21,22.0,5,east,1.0,short,0
868794.8,61.0,0,west,1.0,short,0
65551.21,47.0,6,east,1.0,,0
68151.94,61.0,2,west,1.0,short,0
69507.25,,4,west,1.0,long,0
31911.56,37.0,3,north,1.0,,0
44195.06,62.0,3,west,1.0,long,0
39421.57,86.0,2,west,1.0,short,1
82142.9,40.0,4,north,1.0,long,0
93082.0,,2,south,1.0,short,0
16619.04,55.0,7,south,1.0,long,0
91296.29,,5,west,1.0,long,0
61734.43,56.0,3,south,1.0,short,0
80254.4,77.0,6,north,1.0,short,0
70129.34,23.0,7,north,1.0,short,0
88807.9,,0,west,1.0,long,0
64194.85,47.0,0,north,1.0,long,0
32730.91,34.0,4,south,1.0,short,1
57886.5,19.0,1,east,1.0,short,0
70313.12,33.0,2,north,1.0,,0
55680.78,37.0,6,north,1.0,long,0
73154.63,84.0,2,west,1.0,long,0
58686.05,74.0,0,south,1.0,,0
868192.0,43.0,4,south,1.0,short,0
38280.43,86.0,0,west,1.0,long,0
52163.69,78.0,4,north,1.0,short,0
961508.35,36.0,3,south,1.0,short,0
20812.16,,1,west,1.0,,0
44398.47,,2,west,1.0,short,0
20066.16,50.0,6,south,1.0,short,0
47658.5,44.0,3,west,1.0,short,0
83946.29,83.0,3,east,1.0,short,0
36277.67,,0,east,1.0,,0
74063.19,49.0,2,west,1.0,short,0
116976.5,80.0,1,east,1.0,,0
89070.76,71.0,2,south,1.0,short,0
62670.27,43.0,5,east,1.0,long,0
77168.69,48.0,5,north,1.0,short,0
32606.34,,4,south,1.0,long,0
28531.71,25.0,4,east,1.0,short,0
60573.96,86.0,1,south,1.0,short,0
67972.21,21.0,3,east,1.0,,0
81888.09,,4,south,1.0,,0
48624.76,32.0,5,north,1.0,short,0
63867.91,,2,north,1.0,short,0
63182.23,70.0,1,east,1.0,long,0
57372.12,89.0,2,north,1.0,,0
58550.5,44.0,1,south,1.0,long,0
1051096.79,84.0,1,east,1.0,short,0
65594.15,50.0,3,north,1.0,short,1
63901.0,80.0,1,south,1.0,,0
51199.76,25.0,6,south,1.0,short,0
73315.49,37.0,2,south,1.0,long,0
80556.63,,2,west,1.0,short,0
2176385.81,68.0,4,west,1.0,short,0
39151.13,75.0,3,south,1.0,long,0
61992.92,43.0,1,west,1.0,short,1
41771.37,62.0,2,north,1.0,short,0
61931.09,62.0,3,south,1.0,short,1
41849.27,,1,west,1.0,short,0
85543.27,26.0,3,north,1.0,short,0
75666.63,19.0,5,south,1.0,long,1
83059.79,59.0,4,west,1.0,short,0
81034.44,,3,west,1.0,long,0
54588.01,32.0,4,west,1.0,short,0
51487.81,54.0,2,west,1.0,,0
94834.48,,3,west,1.0,long,0
56697.61,37.0,3,south,1.0,long,0
32908.39,,3,south,1.0,short,0
80149.33,67.0,2,south,1.0,,0
62875.51,,2,north,1.0,long,1
90118.88,,5,north,1.0,short,0
64859.39,29.0,4,west,1.0,long,0
59599.97,,7,north,1.0,short,0
90522.42,,4,east,1.0,long,0
29230.67,84.0,0,north,1.0,long,0
48292.75,,5,east,1.0,short,0
42252.74,,2,south,1.0,short,0
16098.4,40.0,2,north,1.0,short,0
77463.53,67.0,3,south,1.0,,0
48851.63,44.0,3,east,1.0,short,0
78107.36,45.0,2,west,1.0,long,0
67781.73,24.0,1,south,1.0,long,0
72142.85,66.0,4,south,1.0,long,0
50892.01,33.0,5,east,1.0,short,0
44715.04,25.0,5,south,1.0,short,0
61795.22,69.0,6,north,1.0,long,1
78383.36,85.0,2,north,1.0,short,1
58992.36,61.0,3,south,1.0,short,0
45961.27,85.0,0,south,1.0,long,0
36019.64,,4,north,1.0,,0
64083.26,55.0,3,west,1.0,short,1
48918.65,43.0,2,south,1.0,long,0
58565.19,54.0,2,east,1.0,long,0
55224.42,82.0,3,north,1.0,long,0
51111.38,63.0,5,south,1.0,short,0
1108292.02,,2,south,1.0,long,0
71090.08,59.0,1,east,1.0,long,0
99305.58,45.0,1,west,1.0,long,0
75159.35,57.0,2,south,1.0,long,0
91873.65,58.0,3,south,1.0,long,0
43627.99,60.0,0,west,1.0,long,0
27981.1,80.0,3,south,1.0,long,0
59711.39,79.0,3,south,1.0,short,0
77160.54,87.0,2,north,1.0,long,0
74023.23,61.0,5,east,1.0,short,0
1518486.63,38.0,2,north,1.0,long,0
9269.09,32.0,6,north,1.0,short,0
85059.54,79.0,3,south,1.0,short,0
66709.25,83.0,2,south,1.0,short,0
29119.73,20.0,6,north,1.0,long,0
74470.58,33.0,2,east,1.0,long,0
1340106.54,66.0,2,west,1.0,short,0
67624.59,,2,north,1.0,short,0
79982.18,,6,south,1.0,,0
929492.16,89.0,2,east,1.0,short,0
30543.5,24.0,5,south,1.0,short,0
711283.36,33.0,3,east,1.0,short,0
27647.1,89.0,4,south,1.0,long,0
72981.24,25.0,0,north,1.0,short,0
87959.4,75.0,1,west,1.0,short,0
35170.96,58.0,6,west,1.0,long,0
884050.87,56.0,3,south,1.0,short,0
42352.61,77.0,6,north,1.0,long,0
50921.89,,5,north,1.0,long,0
68248.46,,2,west,1.0,short,0
51138.62,,6,west,1.0,short,0
73050.6,53.0,3,south,1.0,short,0
81307.6,87.0,1,west,1.0,short,0
82035.19,22.0,4,north,1.0,long,1
37636.38,48.0,3,south,1.0,long,0
87718.58,48.0,2,north,1.0,long,0
89321.45,32.0,3,east,1.0,short,0
91053.6,,3,east,1.0,long,0
56843.7,32.0,2,west,1.0,long,0
1245749.03,27.0,2,west,1.0,long,1
40315.18,55.0,1,east,1.0,short,0
37964.4,,2,east,1.0,long,0
60233.81,,9,east,1.0,short,0
76957.04,63.0,5,south,1.0,long,1
86131.17,66.0,3,east,1.0,long,0
50288.86,78.0,1,north,1.0,long,0
59226.23,77.0,0,north,1.0,short,0
1703703.94,83.0,1,west,1.0,long,0
47294.4,76.0,3,south,1.0,long,0
74714.99,84.0,4,west,1.0,,0
67256.96,,1,north,1.0,,0
62836.46,71.0,3,south,1.0,long,0
67166.11,53.0,2,south,1.0,short,0
72309.02,40.0,2,west,1.0,short,0
1406195.43,59.0,2,south,1.0,long,1
43230.2,77.0,2,east,1.0,,0
77926.57,72.0,3,north,1.0,short,0
65107.32,55.0,2,east,1.0,long,0
51307.68,23.0,1,south,1.0,short,0
64684.59,37.0,2,east,1.0,long,0
66889.55,59.0,2,east,1.0,short,0
81635.67,45.0,6,north,1.0,short,0
39076.89,50.0,1,north,1.0,,0
86499.69,,0,north,1.0,short,0
60463.33,23.0,5,north,1.0,short,1
49876.93,,3,east,1.0,short,0
49264.84,50.0,0,south,1.0,,0
39972.64,74.0,2,west,1.0,short,0
25181.7,26.0,4,north,1.0,long,0
1797233.3,52.0,2,east,1.0,,0
99617.73,79.0,6,east,1.0,long,0
27647.69,37.0,2,north,1.0,long,0
583690.96,40.0,3,east,1.0,short,0
1039490.15,24.0,2,north,1.0,short,0
59087.26,59.0,3,west,1.0,,0
1872490.84,79.0,1,south,1.0,short,0
57965.59,,5,west,1.0,long,1
48387.45,48.0,5,east,1.0,short,0
55483.16,71.0,2,south,1.0,short,0
12358.21,49.0,3,north,1.0,short,0
692494.65,46.0,5,north,1.0,short,0
78965.59,72.0,3,north,1.0,short,0
83838.0,38.0,1,south,1.0,long,0
88123.32,,4,east,1.0,,0
68817.39,37.0,2,south,1.0,short,0
14878.62,54.0,5,north,1.0,short,0
47299.87,36.0,5,north,1.0,short,0
86493.11,63.0,2,south,1.0,long,0
2733894.18,49.0,4,north,1.0,short,1
87252.95,35.0,4,east,1.0,long,0
55274.95,71.0,4,south,1.0,long,0
33868.48,85.0,1,north,1.0,short,0
59187.37,20.0,2,south,1.0,,0
60296.14,58.0,2,south,1.0,short,0
91311.3,69.0,0,north,1.0,long,0
64555.83,69.0,3,north,1.0,short,0
60333.62,33.0,4,west,1.0,long,1
61469.9,26.0,2,south,1.0,short,0
67997.18,54.0,3,east,1.0,short,0
72528.8,,1,west,1.0,long,0
45509.25,38.0,1,north,1.0,long,0
38847.59,44.0,3,east,1.0,long,0
87411.17,56.0,2,west,1.0,short,0
27179.17,50.0,4,north,1.0,long,0
92754.95,52.0,0,south,1.0,long,0
21786.43,67.0,2,north,1.0,long,1
974035.28,88.0,4,north,1.0,,0
79437.08,,4,south,1.0,,0
60006.84,18.0,3,north,1.0,short,0
33670.46,43.0,1,west,1.0,long,0
68528.56,18.0,5,north,1.0,short,0
61340.09,,4,east,1.0,short,0
55679.03,64.0,2,north,1.0,short,0
47521.55,33.0,2,east,1.0,short,0
59307.88,78.0,1,east,1.0,long,0
1374841.63,,4,north,1.0,short,0
108690.65,21.0,5,south,1.0,short,0
55199.66,28.0,2,west,1.0,short,0
52524.86,76.0,2,east,1.0,long,0
49167.28,38.0,3,west,1.0,long,0
95539.02,55.0,0,south,1.0,long,0
27218.66,82.0,1,north,1.0,,1
67188.65,38.0,1,south,1.0,long,0
55214.2,18.0,4,south,1.0,long,0
31532.0,24.0,1,west,1.0,long,0
1156557.59,83.0,0,south,1.0,short,1
66339.08,61.0,2,east,1.0,long,0
42712.14,41.0,1,east,1.0,long,0
65191.28,23.0,4,south,1.0,short,0
94583.06,68.0,1,south,1.0,,0
1209869.02,20.0,4,west,1.0,long,0
30929.75,24.0,2,north,1.0,short,0
1088865.97,60.0,1,south,1.0,long,0
54291.89,64.0,4,east,1.0,long,0
52955.3,,4,north,1.0,long,1
63040.28,,4,east,1.0,short,0
66248.86,,4,west,1.0,short,0
94610.56,57.0,5,south,1.0,long,0
59925.61,,1,east,1.0,long,0
36956.11,,3,south,1.0,long,0
83076.12,28.0,2,east,1.0,,0
85260.49,75.0,5,north,1.0,short,0
64648.86,68.0,5,east,1.0,short,0
55072.11,69.0,6,south,1.0,short,0
72450.93,,2,north,1.0,short,0
55778.4,26.0,2,west,1.0,short,0
249438.73,74.0,3,north,1.0,long,0
71269.49,65.0,3,east,1.0,short,0
77845.03,20.0,2,west,1.0,,0
88821.74,65.0,3,west,1.0,,0
45384.83,88.0,3,east,1.0,long,0
64523.31,,5,east,1.0,long,0
64955.99,,1,east,1.0,,0
61707.65,40.0,5,west,1.0,,0
62297.12,72.0,3,west,1.0,long,1
60742.72,46.0,4,south,1.0,long,0
64234.99,,3,south,1.0,short,1
74813.62,87.0,2,north,1.0,long,0
929823.23,47.0,2,west,1.0,long,0
44873.35,,1,west,1.0,short,0
56553.97,,2,east,1.0,short,0
51547.84,54.0,6,east,1.0,short,0
880071.6,,3,north,1.0,long,0
27679.37,89.0,6,west,1.0,long,0
60484.45,56.0,5,north,1.0,short,0
69586.41,34.0,3,east,1.0,long,0
56898.0,59.0,5,south,1.0,long,0
59820.84,46.0,1,south,1.0,short,0
1267513.28,77.0,4,north,1.0,long,0
88222.39,72.0,0,north,1.0,short,0
51604.71,45.0,3,south,1.0,short,0
36567.76,69.0,3,south,1.0,short,0
58191.2,20.0,3,west,1.0,long,0
1685663.08,87.0,2,east,1.0,long,0
36781.99,54.0,0,north,1.0,short,0
73002.71,65.0,2,west,1.0,,0
83158.26,64.0,3,east,1.0,short,0
12689.32,40.0,5,west,1.0,short,0
68204.45,67.0,8,west,1.0,long,0
72068.21,46.0,2,east,1.0,long,0
54653.3,67.0,3,north,1.0,,0
47071.23,24.0,3,south,1.0,short,0
48186.75,28.0,4,east,1.0,short,1
53428.63,84.0,2,north,1.0,long,0
53958.08,70.0,4,west,1.0,long,0
50184.46,27.0,5,south,1.0,long,0
53110.49,,4,east,1.0,long,0
83815.84,57.0,4,west,1.0,short,0
35711.42,18.0,1,west,1.0,long,1
25018.83,,2,east,1.0,,0
84135.7,41.0,3,south,1.0,,0
56159.64,27.0,3,east,1.0,short,0
52235.35,,0,east,1.0,long,0
57775.66,39.0,5,west,1.0,long,1
64185.53,22.0,2,north,1.0,long,0
49518.98,63.0,1,north,1.0,,0
70118.62,,6,north,1.0,short,0
40754.75,20.0,6,west,1.0,short,0
53963.48,19.0,3,east,1.0,short,0
234034.48,87.0,1,east,1.0,long,0
83444.74,,3,north,1.0,short,0
56478.25,,4,north,1.0,long,0
73402.08,29.0,4,east,1.0,long,0
69531.49,24.0,2,east,1.0,short,0
70996.28,,4,south,1.0,long,0
1232391.23,80.0,4,north,1.0,,0
67764.55,23.0,2,south,1.0,short,0
40774.31,41.0,1,east,1.0,long,0
36576.43,72.0,1,north,1.0,short,0
57977.88,22.0,1,south,1.0,short,0
46404.47,30.0,7,east,1.0,long,0
88509.28,40.0,4,north,1.0,,0
67502.89,76.0,2,north,1.0,short,0
45670.37,,5,east,1.0,long,0
54569.19,69.0,4,north,1.0,long,0
62660.13,65.0,3,south,1.0,,0
58639.94,19.0,3,east,1.0,short,0
1891340.25,35.0,3,north,1.0,short,0
1393007.26,84.0,1,east,1.0,long,0
32186.87,69.0,3,west,1.0,short,0
16981.91,35.0,4,west,1.0,short,0
52527.82,68.0,3,south,1.0,short,0
71209.85,70.0,4,south,1.0,long,0
52752.62,,1,east,1.0,short,0
84731.28,,2,east,1.0,long,0
59062.27,56.0,7,east,1.0,long,0
87143.92,,1,south,1.0,long,0
83038.07,76.0,3,north,1.0,long,0
2215368.0,19.0,2,north,1.0,,0
35929.77,64.0,0,west,1.0,long,1
60342.81,75.0,3,south,1.0,short,0
84455.47,27.0,8,south,1.0,short,0
888144.01,75.0,1,east,1.0,long,0
71087.2,,1,north,1.0,short,0
32242.25,65.0,5,south,1.0,,0
98375.8,41.0,4,south,1.0,long,0
44172.51,32.0,2,north,1.0,long,0
20111.5,68.0,0,east,1.0,,0
52977.49,29.0,3,north,1.0,long,0
11050.32,66.0,3,north,1.0,short,0
38297.5,,4,east,1.0,long,0
111170.24,42.0,2,south,1.0,long,0
52399.18,54.0,3,east,1.0,short,1
31444.26,29.0,4,east,1.0,,0
60505.96,75.0,1,north,1.0,long,0
42043.93,68.0,2,east,1.0,long,0
77290.38,19.0,1,north,1.0,short,0
42209.1,79.0,2,south,1.0,short,0
65414.67,,1,east,1.0,short,0
37058.82,,4,south,1.0,long,0
111980.56,,2,south,1.0,long,1
1731278.1,,1,north,1.0,,0
57089.88,45.0,3,south,1.0,short,1
1037447.12,34.0,4,south,1.0,short,0
48928.0,,2,west,1.0,long,0
44781.73,,4,east,1.0,short,0
44232.07,,0,west,1.0,long,0
93566.58,72.0,4,south,1.0,long,0
48947.72,,6,west,1.0,short,0
301499.95,,2,south,1.0,short,0
36680.65,70.0,2,south,1.0,short,0
78554.49,70.0,2,south,1.0,long,0
54953.52,85.0,5,east,1.0,short,0
57318.37,,2,east,1.0,,1
83396.29,35.0,2,north,1.0,,0
44456.67,18.0,3,east,1.0,long,0
72648.35,29.0,3,west,1.0,,0
46642.34,61.0,2,south,1.0,short,0
71517.53,76.0,0,east,1.0,short,0
1408350.13,61.0,3,east,1.0,long,0
55169.02,89.0,2,west,1.0,short,0
76402.67,,3,east,1.0,short,0
74960.5,81.0,5,south,1.0,short,0
56691.44,37.0,2,north,1.0,short,0
50567.53,41.0,3,west,1.0,,0
91982.95,,7,south,1.0,,0
71786.62,65.0,4,west,1.0,short,0
52177.16,53.0,2,north,1.0,long,0
46938.31,86.0,2,south,1.0,long,0
1860082.98,72.0,2,west,1.0,long,0
62308.0,39.0,1,north,1.0,short,0
56728.94,61.0,4,south,1.0,long,0
62299.5,46.0,5,west,1.0,short,0
66755.94,47.0,5,south,1.0,short,0
58866.22,,4,west,1.0,long,0
84073.74,66.0,3,east,1.0,short,0
85186.77,18.0,1,west,1.0,long,0
70637.76,59.0,3,east,1.0,short,0
2321032.32,64.0,3,north,1.0,short,0
60169.94,54.0,9,west,1.0,long,0
73806.62,39.0,2,south,1.0,short,0
80089.13,,7,south,1.0,long,0
80380.77,86.0,2,east,1.0,short,0
78319.98,24.0,5,south,1.0,long,0
72623.78,,3,south,1.0,short,0
99142.56,83.0,0,east,1.0,short,0
49206.08,46.0,7,east,1.0,short,0
56895.58,,0,east,1.0,short,0
55709.79,35.0,3,north,1.0,long,1
52638.66,34.0,1,west,1.0,long,0
20224.56,46.0,1,east,1.0,long,0
87497.3,73.0,1,east,1.0,short,0
39479.19,,4,west,1.0,long,1
63396.3,34.0,2,south,1.0,short,1
31562.78,89.0,1,north,1.0,short,0
72414.31,89.0,1,north,1.0,short,0
44292.08,34.0,3,west,1.0,long,0
37280.76,48.0,1,west,1.0,short,0
63886.87,47.0,2,north,1.0,long,0
45985.31,,6,east,1.0,short,0
1056030.89,,2,east,1.0,short,1
63435.79,22.0,4,north,1.0,long,0
1845885.71,62.0,2,west,1.0,long,0
43631.99,,2,south,1.0,long,0
40176.15,62.0,2,north,1.0,long,0
60469.67,24.0,4,east,1.0,long,0
70785.05,29.0,4,west,1.0,short,0
89255.1,18.0,5,north,1.0,short,0
38573.41,46.0,4,east,1.0,long,0
53640.66,41.0,4,east,1.0,long,0
83515.72,41.0,2,east,1.0,,0
99461.89,,4,east,1.0,short,0
40138.18,85.0,2,east,1.0,long,0
45223.76,48.0,1,north,1.0,short,0
67622.0,76.0,4,north,1.0,long,0
48445.14,34.0,2,west,1.0,short,0
44815.36,52.0,2,south,1.0,short,0
64889.41,22.0,1,west,1.0,short,0
1206003.91,,1,south,1.0,,0
33810.35,23.0,1,south,1.0,long,0
89966.68,19.0,3,north,1.0,,0
48504.62,31.0,4,south,1.0,long,0
66915.84,29.0,1,west,1.0,,0
91817.01,40.0,4,west,1.0,short,0
1177992.03,71.0,3,south,1.0,short,0
54050.18,28.0,5,south,1.0,long,0
74363.51,61.0,2,east,1.0,long,0
56536.68,44.0,3,west,1.0,short,0
70427.02,46.0,2,east,1.0,long,0
55906.38,84.0,1,north,1.0,short,0
77223.06,,4,south,1.0,short,0
32115.37,,4,east,1.0,long,0
39729.57,35.0,6,north,1.0,,0
31821.43,30.0,1,east,1.0,,0
58871.41,75.0,4,west,1.0,short,1
29409.24,,3,south,1.0,long,0
46163.37,37.0,4,east,1.0,,0
37849.83,53.0,4,east,1.0,short,0
89593.52,,2,east,1.0,long,0
40186.39,21.0,1,north,1.0,long,0
34269.09,83.0,4,east,1.0,long,0
64966.77,74.0,2,north,1.0,short,0
93736.42,56.0,1,east,1.0,short,0
1140912.28,69.0,8,south,1.0,short,0
59225.61,25.0,2,west,1.0,long,0
85815.15,,4,north,1.0,short,0
77564.59,64.0,3,west,1.0,,0
68508.3,85.0,4,north,1.0,short,0
48353.19,80.0,4,east,1.0,long,0
69119.16,60.0,5,south,1.0,short,1
32784.32,38.0,1,north,1.0,short,0
47526.49,,1,north,1.0,short,0
88629.25,54.0,2,north,1.0,short,0
86039.85,47.0,2,north,1.0,long,0
68749.69,69.0,2,south,1.0,long,0
21412.93,81.0,5,north,1.0,short,0
35835.57,30.0,6,west,1.0,short,0
46410.55,57.0,2,west,1.0,short,0
1296878.2,,4,south,1.0,short,0
915837.92,41.0,4,north,1.0,long,0
55073.73,42.0,3,west,1.0,,0
95345.9,18.0,2,east,1.0,long,0
68016.72,41.0,5,north,1.0,long,0
64376.53,60.0,3,north,1.0,,0
39648.89,87.0,5,east,1.0,short,0
27220.3,55.0,1,north,1.0,,1
35436.07,38.0,2,east,1.0,,0
26412.22,76.0,2,south,1.0,short,0
61500.71,31.0,4,west,1.0,short,0
67677.72,31.0,2,south,1.0,,0
628184.85,55.0,2,south,1.0,short,1
62958.39,,3,east,1.0,short,1
89379.88,,2,west,1.0,long,0
99153.95,19.0,5,east,1.0,short,0
75408.21,,2,east,1.0,short,1
56503.19,60.0,3,south,1.0,long,0
74762.08,67.0,0,south,1.0,,0
2607197.13,46.0,5,north,1.0,,0
19855.44,26.0,5,south,1.0,,0
89641.38,41.0,4,west,1.0,short,0
49108.26,51.0,1,north,1.0,long,0
49300.74,49.0,5,north,1.0,short,0
52901.44,82.0,2,east,1.0,long,1
66401.68,34.0,3,west,1.0,short,0
37774.91,40.0,4,west,1.0,long,0
54303.72,31.0,3,east,1.0,short,0
70505.54,59.0,3,east,1.0,long,0
64371.42,75.0,7,south,1.0,,0
67616.29,81.0,1,south,1.0,long,0
53520.63,34.0,0,south,1.0,long,0
73874.2,48.0,4,north,1.0,long,0
81128.32,71.0,1,south,1.0,long,0
79928.79,21.0,0,north,1.0,long,0
68552.2,69.0,2,east,1.0,long,0
78777.85,27.0,0,west,1.0,short,0
77421.21,20.0,4,west,1.0,long,0
113530.16,26.0,4,west,1.0,long,0
84361.34,81.0,3,south,1.0,long,0
58225.12,67.0,1,west,1.0,short,0
41766.41,74.0,6,west,1.0,short,0
54777.19,67.0,2,east,1.0,short,0
53364.3,75.0,2,north,1.0,long,0
70228.45,53.0,2,west,1.0,,0
45994.88,76.0,2,north,1.0,short,0
83843.54,,3,south,1.0,short,0
32208.74,59.0,0,east,1.0,short,0
27349.5,72.0,2,west,1.0,,0
57297.68,89.0,3,west,1.0,,0
43148.82,43.0,3,west,1.0,short,0
34835.32,30.0,2,south,1.0,long,0
47258.6,69.0,2,north,1.0,long,0
44770.28,23.0,3,west,1.0,long,0
60202.69,73.0,2,west,1.0,short,0
47590.58,68.0,1,south,1.0,,0
49217.31,,2,east,1.0,,0
59902.69,39.0,6,west,1.0,short,0
80284.83,26.0,6,north,1.0,long,0
89414.91,,1,west,1.0,long,0
62955.35,44.0,2,east,1.0,short,0
64510.86,46.0,3,east,1.0,short,0
56336.26,,2,north,1.0,short,0
69624.97,42.0,4,east,1.0,short,0
999555.28,77.0,4,south,1.0,short,0
86516.95,82.0,3,east,1.0,long,0
22225.91,43.0,3,east,1.0,long,0
55310.05,,5,west,1.0,long,0
66783.8,20.0,2,east,1.0,,0
59474.32,31.0,6,east,1.0,short,0
41216.54,18.0,2,south,1.0,long,0
34012.67,66.0,4,south,1.0,short,0
76126.45,,2,east,1.0,long,0
44861.48,,4,west,1.0,long,0
24901.99,41.0,1,east,1.0,,0
77131.46,77.0,4,east,1.0,short,0
69179.66,30.0,2,south,1.0,short,0
57682.52,34.0,3,east,1.0,,1
566887.17,,0,east,1.0,long,0
57731.17,81.0,5,east,1.0,long,0
84311.75,61.0,2,south,1.0,short,1
27706.01,61.0,2,south,1.0,long,0
28720.45,68.0,6,south,1.0,long,0
47444.69,,4,south,1.0,,0
59467.13,34.0,2,south,1.0,long,0
50074.16,22.0,4,north,1.0,short,0
1591006.55,31.0,2,east,1.0,long,0
81776.68,43.0,1,west,1.0,short,0
65575.38,34.0,5,north,1.0,short,0
71208.65,55.0,0,east,1.0,short,0
65441.99,,4,west,1.0,,0
60190.16,,3,west,1.0,short,0
34128.83,,4,west,1.0,short,0
39440.17,25.0,6,south,1.0,short,0
32981.63,38.0,0,north,1.0,long,0
57029.9,,4,west,1.0,short,0
64645.56,22.0,5,east,1.0,short,1
31014.75,65.0,3,south,1.0,long,0
61451.9,,1,west,1.0,short,0
42495.67,,2,south,1.0,short,0
38616.01,18.0,2,east,1.0,long,0
47493.01,,3,west,1.0,short,0
37590.47,80.0,3,west,1.0,short,0
72133.18,39.0,2,east,1.0,short,0
56639.91,79.0,5,north,1.0,short,1
76304.28,80.0,2,west,1.0,long,0
51130.07,38.0,3,south,1.0,long,0
687825.59,61.0,2,east,1.0,,0
1184319.41,21.0,4,east,1.0,long,0
27538.79,57.0,4,north,1.0,long,0
85689.62,81.0,3,east,1.0,,0
93090.48,85.0,1,south,1.0,short,0
75316.35,32.0,3,south,1.0,long,0
1291991.02,65.0,1,west,1.0,long,0
88538.04,22.0,1,east,1.0,short,0
53564.77,38.0,3,south,1.0,long,0
45884.29,78.0,3,north,1.0,long,0
52234.63,64.0,7,east,1.0,long,0
48596.13,46.0,6,east,1.0,short,0
41067.54,,5,north,1.0,,0
82200.16,72.0,2,west,1.0,short,0
1173961.71,19.0,6,south,1.0,long,0
59407.06,23.0,4,east,1.0,short,0
31124.56,63.0,1,west,1.0,short,1
60616.21,,8,east,1.0,short,0
36881.48,29.0,1,west,1.0,,0
36390.28,,1,north,1.0,short,0
57814.24,,5,south,1.0,long,0
81139.45,80.0,1,north,1.0,short,1
68808.27,,6,north,1.0,long,0
70182.41,89.0,1,south,1.0,short,0
57401.66,85.0,5,north,1.0,long,0
53287.19,78.0,4,south,1.0,short,0
75822.81,66.0,1,north,1.0,short,0
48736.46,,3,north,1.0,short,0
76688.68,19.0,4,west,1.0,short,0
84718.94,24.0,2,east,1.0,short,0
43172.26,54.0,5,south,1.0,long,0
46111.09,66.0,5,east,1.0,long,0
49086.09,,4,south,1.0,long,0
30660.75,66.0,1,south,1.0,short,0
50611.95,34.0,6,west,1.0,short,0
86028.99,83.0,4,east,1.0,short,0
39088.49,23.0,4,west,1.0,short,0
1678326.43,,2,south,1.0,,0
51331.11,69.0,4,south,1.0,long,0
102280.71,87.0,4,west,1.0,long,0
46363.74,54.0,3,west,1.0,long,0
57120.36,27.0,5,north,1.0,short,0
41796.34,21.0,1,south,1.0,,0
46245.98,88.0,1,west,1.0,long,0
86763.58,38.0,3,south,1.0,short,0
69490.73,64.0,2,east,1.0,,0
80576.36,,3,west,1.0,short,0
33688.21,33.0,2,north,1.0,short,0
73096.57,66.0,5,north,1.0,short,0
40571.13,71.0,1,west,1.0,long,0
33253.63,51.0,2,west,1.0,short,0
64775.32,54.0,2,west,1.0,long,0
1189506.89,53.0,2,east,1.0,short,0
61066.92,,3,north,1.0,short,0
74351.17,76.0,1,west,1.0,short,0
1049893.75,,3,north,1.0,,0
89394.59,38.0,5,north,1.0,short,0
36193.14,35.0,2,east,1.0,short,0
1529466.4,66.0,2,south,1.0,short,0
1764637.42,64.0,5,west,1.0,long,1
52675.4,44.0,1,west,1.0,long,0
26630.17,78.0,5,west,1.0,long,0
32330.02,,6,west,1.0,short,0
50762.97,,4,east,1.0,long,0
100282.83,58.0,1,west,1.0,short,0
60341.6,31.0,2,west,1.0,long,0
47656.32,,1,south,1.0,long,0
46291.95,82.0,2,south,1.0,short,0
33545.55,86.0,5,east,1.0,short,0
77491.52,50.0,4,west,1.0,long,0
58158.63,37.0,6,south,1.0,long,0
101996.59,52.0,4,south,1.0,long,0
72564.19,,4,south,1.0,long,0
1778337.34,66.0,2,west,1.0,,0
55157.9,48.0,2,east,1.0,long,0
38179.39,26.0,2,south,1.0,short,0
42528.38,57.0,3,east,1.0,short,1
32615.06,,5,east,1.0,short,0
1008000.69,34.0,4,east,1.0,long,0
52301.7,47.0,3,east,1.0,short,1
79050.01,,6,north,1.0,long,0
62718.29,,3,north,1.0,long,0
54143.63,75.0,4,west,1.0,long,0
434667.35,50.0,3,east,1.0,short,0
66032.65,53.0,6,west,1.0,short,0
55627.34,53.0,2,west,1.0,short,0
78043.68,50.0,5,south,1.0,long,0
45691.79,28.0,4,south,1.0,,0
1640185.89,20.0,3,west,1.0,long,0
92816.97,,2,north,1.0,,0
65451.12,56.0,4,west,1.0,short,0
75705.83,,4,north,1.0,short,0
71437.8,60.0,1,south,1.0,short,0
97961.83,,4,south,1.0,short,0
67431.21,82.0,2,east,1.0,long,0
73999.18,,3,south,1.0,short,0
59274.48,54.0,3,west,1.0,short,0
44512.23,56.0,7,west,1.0,short,0
35836.49,,1,east,1.0,,0
85338.48,30.0,2,west,1.0,short,0
39832.81,,0,north,1.0,long,0
74917.29,36.0,2,west,1.0,long,0
68320.33,29.0,2,east,1.0,short,0
78355.71,34.0,1,north,1.0,long,0
49705.76,85.0,6,west,1.0,short,0
44185.4,43.0,4,north,1.0,long,0
67567.44,75.0,6,east,1.0,long,0
54153.17,46.0,0,east,1.0,short,0
35379.43,77.0,2,north,1.0,short,0
98770.51,72.0,6,south,1.0,short,0
44171.84,78.0,3,north,1.0,long,0
40127.35,38.0,1,west,1.0,long,0
55157.28,24.0,1,west,1.0,short,0
85057.17,40.0,3,west,1.0,short,0
16665.3,68.0,5,south,1.0,short,0
83397.67,65.0,3,south,1.0,long,0
41770.53,68.0,6,west,1.0,short,0
65290.5,,1,south,1.0,long,0
46479.86,,2,south,1.0,,0
99838.34,49.0,2,north,1.0,long,0
62492.4,53.0,1,west,1.0,long,0
45838.17,28.0,1,north,1.0,long,0
53978.17,65.0,4,north,1.0,short,0
61792.74,,1,west,1.0,,0
1906045.4,82.0,6,west,1.0,,0
68775.25,24.0,3,west,1.0,long,0
59971.91,,1,west,1.0,long,0
32456.75,30.0,3,north,1.0,long,0
53194.65,,1,south,1.0,,0
72133.17,80.0,1,west,1.0,short,0
46602.34,,3,south,1.0,short,0
73455.63,77.0,2,west,1.0,long,0
60634.36,84.0,5,west,1.0,long,0
55645.2,51.0,4,west,1.0,short,1
1856541.83,18.0,4,west,1.0,short,0
527624.84,49.0,3,west,1.0,,0
46493.58,33.0,3,east,1.0,long,0
84648.57,,2,north,1.0,short,0
96600.98,67.0,5,south,1.0,long,0
2080743.04,,1,west,1.0,long,1
61007.11,41.0,5,west,1.0,long,0
69157.95,46.0,4,north,1.0,short,0
76348.56,,3,east,1.0,,0
85501.51,68.0,2,south,1.0,short,0
66261.84,72.0,2,south,1.0,long,0
78522.98,,2,east,1.0,long,0
69195.48,20.0,4,south,1.0,short,0
70444.48,,5,east,1.0,short,0
41632.62,50.0,3,north,1.0,long,1
53415.73,37.0,5,south,1.0,short,0
49544.62,86.0,4,west,1.0,,0
36222.09,79.0,5,east,1.0,short,0
26967.9,49.0,2,west,1.0,short,1
51527.45,49.0,3,west,1.0,long,0
54722.35,83.0,4,south,1.0,long,0
62100.74,31.0,3,south,1.0,short,0
71114.76,47.0,4,south,1.0,,0
63762.44,,4,east,1.0,,0
54861.78,42.0,3,south,1.0,,0
41697.47,,2,south,1.0,short,0
77541.38,25.0,8,north,1.0,short,0
57963.56,37.0,2,south,1.0,long,0
51324.2,43.0,0,west,1.0,long,0
56270.91,78.0,3,south,1.0,short,0
45345.11,42.0,2,west,1.0,short,0
49386.52,29.0,1,south,1.0,long,0
48750.83,78.0,3,south,1.0,long,0
54253.25,43.0,6,east,1.0,,0
73115.1,84.0,2,north,1.0,short,0
1448404.49,25.0,3,south,1.0,long,0
1139883.02,19.0,4,north,1.0,long,0
1699500.47,84.0,3,north,1.0,long,0
99128.44,,4,east,1.0,short,0
811448.87,,4,north,1.0,,0
70862.1,64.0,5,north,1.0,long,0
50251.68,,3,east,1.0,,0
76520.3,52.0,1,south,1.0,short,0
46877.66,47.0,5,north,1.0,short,0
403615.2,39.0,2,west,1.0,,0
90526.47,,3,west,1.0,short,0
35016.37,,3,east,1.0,long,0
68777.04,34.0,6,east,1.0,long,0
42393.37,34.0,1,west,1.0,short,0
1408646.59,26.0,2,west,1.0,short,0
85259.0,55.0,4,north,1.0,long,0
70583.56,57.0,2,north,1.0,short,0
983521.69,19.0,2,south,1.0,long,0
60146.74,51.0,5,south,1.0,short,0
104683.49,71.0,5,west,1.0,short,0
74923.3,18.0,2,east,1.0,long,0
41988.97,39.0,1,west,1.0,,0
61392.13,87.0,5,east,1.0,long,0
56949.96,48.0,3,east,1.0,short,0
54991.52,,3,west,1.0,long,0
26857.22,55.0,4,east,1.0,short,0
67737.29,47.0,1,west,1.0,short,1
32284.94,33.0,3,south,1.0,long,0
9491.85,23.0,5,south,1.0,short,0
1237838.56,81.0,3,east,1.0,,0
44882.13,76.0,2,west,1.0,,0
42769.26,,2,north,1.0,short,0
-34660.09,19.0,1,east,1.0,long,0
42983.14,,5,north,1.0,long,0
56527.16,52.0,2,west,1.0,long,0
47316.92,52.0,3,east,1.0,,0
67746.87,81.0,4,north,1.0,long,0
87853.21,49.0,0,north,1.0,long,0
70327.35,35.0,7,east,1.0,long,0
80527.89,35.0,2,north,1.0,long,0
2113421.49,,8,north,1.0,short,0
39622.78,,6,north,1.0,,0
68782.29,59.0,6,north,1.0,long,0
79903.15,60.0,1,south,1.0,long,1
51280.79,33.0,6,east,1.0,short,0
797102.95,48.0,3,west,1.0,short,0
70608.13,86.0,0,east,1.0,short,0
30367.42,28.0,2,west,1.0,long,0
38239.91,,1,west,1.0,short,0
46664.87,37.0,2,north,1.0,long,0
769408.52,39.0,2,east,1.0,short,0
64378.25,19.0,3,north,1.0,long,0
80647.42,65.0,3,west,1.0,short,0
41562.6,,6,west,1.0,short,0
40490.54,51.0,3,north,1.0,short,0
70478.24,59.0,2,north,1.0,long,0
44026.66,63.0,2,south,1.0,long,0
47929.92,86.0,4,east,1.0,short,0
22864.7,58.0,1,east,1.0,,0
65816.92,30.0,1,north,1.0,,1
1367578.46,68.0,4,east,1.0,short,0
39414.22,,3,east,1.0,long,0
80434.07,78.0,4,west,1.0,short,1
58812.03,39.0,4,south,1.0,short,0
24691.71,70.0,3,north,1.0,short,0
42105.46,29.0,1,east,1.0,short,1
40870.65,47.0,3,east,1.0,,0
53669.44,68.0,2,east,1.0,short,0
68390.29,62.0,3,east,1.0,short,0
96978.46,18.0,2,north,1.0,short,0
338238.04,20.0,2,north,1.0,long,0
50304.45,,1,south,1.0,short,0
42080.38,56.0,6,west,1.0,long,0
34640.41,79.0,3,east,1.0,short,0
61908.95,23.0,3,east,1.0,,0
60029.6,53.0,3,west,1.0,short,0
23723.95,59.0,3,south,1.0,short,0
60363.01,84.0,4,south,1.0,long,0
35892.08,69.0,4,east,1.0,long,0
60236.55,,1,north,1.0,long,0
85389.93,39.0,6,south,1.0,short,0
69261.36,89.0,2,east,1.0,short,0
63550.34,41.0,0,south,1.0,short,0
49424.68,38.0,3,north,1.0,short,0
61337.35,70.0,3,south,1.0,short,0
71265.08,89.0,3,west,1.0,long,0
1195400.67,79.0,4,south,1.0,short,0
976156.41,30.0,5,west,1.0,short,0
64347.53,76.0,2,east,1.0,short,1
33668.76,,2,north,1.0,short,0
45313.26,33.0,4,west,1.0,short,1
1659508.15,85.0,0,east,1.0,short,0
76840.66,86.0,3,east,1.0,short,0
61871.97,44.0,4,east,1.0,long,0
89579.31,19.0,3,north,1.0,long,1
70160.39,33.0,1,south,1.0,short,0
55337.45,56.0,2,west,1.0,long,0
35604.94,22.0,3,east,1.0,long,0
88774.67,,4,south,1.0,,0
75406.35,28.0,4,south,1.0,short,0
95966.23,86.0,4,east,1.0,long,0
103336.95,43.0,1,south,1.0,short,0
34261.19,,2,south,1.0,long,1
34313.33,,5,east,1.0,,0
2736.0,18.0,5,south,1.0,long,0
78367.24,57.0,5,east,1.0,,0
73129.65,,0,east,1.0,short,0
61955.58,,1,east,1.0,long,0
630384.53,,6,east,1.0,short,0
58219.33,18.0,0,south,1.0,long,0
63694.11,73.0,8,east,1.0,long,0
75654.51,78.0,1,east,1.0,long,0
65459.74,84.0,5,south,1.0,short,0
73276.03,59.0,3,south,1.0,long,0
57517.38,52.0,3,east,1.0,long,0
83629.64,72.0,4,east,1.0,short,0
72634.6,67.0,4,south,1.0,short,0
36261.34,72.0,5,south,1.0,long,0
87784.41,38.0,4,west,1.0,short,0
84511.43,83.0,5,east,1.0,short,0
69309.49,20.0,2,east,1.0,long,0
65614.35,,5,south,1.0,long,0
93172.23,65.0,7,west,1.0,short,0
27333.74,59.0,2,south,1.0,long,0
84824.49,57.0,2,west,1.0,long,0
50475.87,,1,north,1.0,,0
81903.55,80.0,5,north,1.0,long,0
62407.52,69.0,4,east,1.0,short,0
35141.48,29.0,4,west,1.0,short,0
50069.6,24.0,3,north,1.0,long,0
80434.58,28.0,3,east,1.0,,0
55795.84,,4,south,1.0,short,0
991415.94,69.0,3,north,1.0,short,0
47436.56,75.0,1,south,1.0,short,0
72844.95,25.0,4,east,1.0,short,0
95012.7,37.0,2,east,1.0,long,0
17182.33,42.0,0,west,1.0,,0
116013.69,,3,west,1.0,short,1
64074.92,21.0,1,north,1.0,short,0
71604.48,78.0,3,west,1.0,short,0
51274.77,,4,north,1.0,short,1
59929.7,,2,west,1.0,long,0
63850.26,85.0,4,west,1.0,short,0
39018.08,,2,west,1.0,short,0
43886.37,,4,north,1.0,long,0
83691.35,57.0,8,north,1.0,short,0
28953.06,77.0,4,west,1.0,,0
1395290.08,,3,south,1.0,long,0
52589.66,79.0,5,south,1.0,short,0
40785.86,47.0,2,south,1.0,short,0
99438.64,29.0,4,north,1.0,short,0
40909.95,66.0,3,north,1.0,short,0
37397.96,,3,north,1.0,long,0
56260.55,,4,west,1.0,long,0
509388.87,77.0,3,north,1.0,long,0
1675172.73,81.0,2,west,1.0,short,0
63107.99,64.0,2,north,1.0,long,0
64693.16,74.0,2,east,1.0,long,0
57522.18,58.0,1,south,1.0,short,1
45956.77,75.0,5,west,1.0,long,1
72868.06,42.0,4,north,1.0,long,0
57766.14,55.0,2,east,1.0,long,0
873009.28,23.0,3,west,1.0,short,0
89599.87,32.0,1,south,1.0,,1
57573.76,59.0,3,south,1.0,short,0
81839.73,70.0,3,north,1.0,short,0
84536.77,20.0,2,west,1.0,long,0
85753.46,22.0,1,west,1.0,long,0
73823.16,18.0,2,south,1.0,short,0
59987.33,55.0,5,east,1.0,short,0
58719.17,42.0,2,west,1.0,short,1
55117.6,21.0,3,south,1.0,long,0
16662.09,75.0,5,north,1.0,long,1
74376.14,56.0,1,north,1.0,,0
64889.31,,2,west,1.0,long,0
76510.49,67.0,1,west,1.0,long,0
57659.97,83.0,5,north,1.0,,0
73296.5,,4,west,1.0,short,0
850278.23,86.0,5,west,1.0,,0
36614.69,48.0,8,east,1.0,long,0
10475.77,,4,south,1.0,short,1
57313.02,26.0,1,west,1.0,long,0
44549.49,22.0,3,west,1.0,short,0
41932.36,39.0,1,south,1.0,short,0
1735932.41,45.0,3,south,1.0,long,0
51489.86,,3,west,1.0,long,0
429873.07,52.0,2,west,1.0,short,0
110895.34,80.0,5,east,1.0,short,0
59259.79,,4,east,1.0,short,0
38336.74,82.0,5,east,1.0,long,0
46603.29,,0,south,1.0,short,0
56537.14,86.0,2,west,1.0,,0
56495.08,27.0,2,south,1.0,long,0
864870.75,25.0,7,west,1.0,short,1
58411.4,,3,west,1.0,short,0
97104.16,39.0,2,south,1.0,long,0
51351.54,85.0,4,west,1.0,short,0
68528.72,51.0,1,west,1.0,short,0
80439.6,,4,south,1.0,short,0
83903.05,,3,east,1.0,short,0
86237.44,54.0,3,east,1.0,short,0
54559.77,68.0,1,north,1.0,short,0
59890.21,71.0,2,east,1.0,short,0
10411.55,74.0,6,east,1.0,long,0
56079.8,28.0,4,east,1.0,short,0
81825.08,53.0,4,south,1.0,short,0
77936.73,63.0,3,east,1.0,,0
58270.26,,3,east,1.0,,1
93982.79,,0,west,1.0,long,0
52319.89,87.0,4,south,1.0,long,1
45677.2,76.0,1,north,1.0,short,0
50636.77,35.0,7,north,1.0,long,1
37550.7,,7,west,1.0,short,0
72447.9,,4,north,1.0,short,0
65769.64,37.0,1,south,1.0,short,0
72199.59,69.0,7,west,1.0,short,0
51712.58,35.0,0,north,1.0,long,0
58838.54,,2,north,1.0,long,0
16431.63,35.0,1,east,1.0,short,1
1219931.13,84.0,1,east,1.0,long,0
61976.83,89.0,3,north,1.0,short,0
37989.45,79.0,5,east,1.0,long,0
57906.85,37.0,3,east,1.0,,0
54843.01,,1,north,1.0,long,0
95286.24,33.0,2,south,1.0,long,0
38777.46,,3,south,1.0,long,0
66628.52,36.0,7,west,1.0,long,0
38184.63,,4,south,1.0,long,0
48842.53,64.0,2,west,1.0,long,0
65536.38,67.0,3,west,1.0,short,1
55772.74,20.0,0,north,1.0,short,0
838955.8,25.0,1,west,1.0,long,0
66654.44,52.0,7,north,1.0,short,0
50126.21,26.0,6,south,1.0,short,0
77682.93,77.0,3,north,1.0,short,0
53890.41,46.0,3,north,1.0,short,0
58048.89,,3,east,1.0,short,0
67226.23,18.0,2,east,1.0,short,0
64540.0,,4,east,1.0,short,0
1545144.8,69.0,2,south,1.0,short,0
66339.29,72.0,3,west,1.0,short,0
69380.61,56.0,3,south,1.0,short,0
53492.55,,5,east,1.0,short,0
38624.58,23.0,2,south,1.0,,0
31447.22,40.0,5,north,1.0,short,0
638278.79,57.0,2,east,1.0,,0
95254.53,26.0,6,west,1.0,short,0
15744.53,21.0,2,south,1.0,long,0
83874.47,33.0,3,south,1.0,long,0
43582.62,23.0,4,west,1.0,short,0
83728.82,19.0,2,north,1.0,,0
15949.2,52.0,7,south,1.0,short,0
55298.12,71.0,1,south,1.0,long,0
89080.49,,2,south,1.0,long,0
74264.19,24.0,3,south,1.0,short,0
53254.69,42.0,1,west,1.0,long,0
21140.45,20.0,0,north,1.0,short,0
33550.23,62.0,2,south,1.0,long,0
87782.94,34.0,1,west,1.0,long,0
53035.18,45.0,4,north,1.0,short,0
58563.52,82.0,2,east,1.0,long,0
65670.7,60.0,2,north,1.0,short,0
33943.22,73.0,2,east,1.0,short,0
68145.8,43.0,3,east,1.0,long,0
51607.69,85.0,1,east,1.0,long,0
65874.06,69.0,2,east,1.0,short,0
1081754.02,55.0,6,east,1.0,long,0
28537.68,59.0,8,east,1.0,long,0
51452.55,62.0,7,east,1.0,long,0
72815.55,29.0,4,north,1.0,short,0
67881.2,36.0,3,north,1.0,,0
60618.62,67.0,5,north,1.0,short,0
77962.64,49.0,6,east,1.0,,0
55928.12,74.0,4,south,1.0,long,0
1788358.46,55.0,4,south,1.0,long,0
50404.66,22.0,1,south,1.0,short,0
2049524.25,65.0,1,west,1.0,long,0
65830.57,61.0,1,south,1.0,,0
48860.84,44.0,6,south,1.0,long,0
30219.41,74.0,4,east,1.0,long,0
82099.23,43.0,5,west,1.0,long,0
45118.7,26.0,2,east,1.0,short,0
924152.45,26.0,3,west,1.0,short,0
107051.99,82.0,4,east,1.0,,0
76030.19,45.0,4,west,1.0,long,0
92222.99,47.0,4,east,1.0,long,0
49237.5,,4,east,1.0,long,0
81419.53,,4,east,1.0,short,0
60533.38,61.0,1,south,1.0,short,0
67320.34,82.0,4,north,1.0,long,0
100416.83,,4,south,1.0,long,0
54427.08,,0,east,1.0,short,0
60385.09,,3,east,1.0,long,1
41935.71,,2,north,1.0,short,0
77769.37,42.0,3,west,1.0,,0
48787.46,68.0,7,east,1.0,short,0
80454.21,71.0,4,east,1.0,long,0
27001.74,36.0,0,south,1.0,long,0
70972.76,,5,east,1.0,short,0
47126.13,38.0,1,east,1.0,short,0
74610.35,88.0,2,south,1.0,long,1
59728.82,,1,west,1.0,,0
49293.22,,3,north,1.0,long,0
52268.81,46.0,0,south,1.0,,0
42992.23,,6,south,1.0,long,0
76755.76,,6,north,1.0,short,1
39027.25,70.0,1,north,1.0,long,0
54658.43,21.0,4,west,1.0,long,1
66904.79,,0,west,1.0,long,0
92269.89,33.0,2,south,1.0,short,0
59814.03,,2,south,1.0,short,0
55149.79,30.0,3,south,1.0,long,0
65472.7,29.0,5,east,1.0,short,0
18530.72,55.0,3,south,1.0,long,0
750189.02,24.0,6,north,1.0,short,0
52492.67,23.0,3,south,1.0,long,0
45740.62,74.0,2,east,1.0,long,0
27983.33,42.0,3,east,1.0,long,0
77155.57,64.0,4,north,1.0,long,0
1595352.19,89.0,4,west,1.0,long,0
62805.3,21.0,5,east,1.0,,0
46120.18,75.0,2,east,1.0,short,0
61587.86,25.0,4,west,1.0,long,1
70288.99,72.0,3,east,1.0,long,0
54702.08,40.0,0,east,1.0,short,1
68891.44,27.0,4,west,1.0,short,0
44078.79,34.0,0,west,1.0,long,0
1787313.99,,3,west,1.0,,0
82849.97,70.0,6,east,1.0,long,0
84640.39,67.0,1,north,1.0,long,0
86551.78,70.0,4,south,1.0,long,0
65711.37,19.0,2,east,1.0,short,0
60632.28,,2,south,1.0,short,0
51024.22,49.0,5,north,1.0,long,0
23850.3,26.0,1,south,1.0,short,0
33102.01,,2,south,1.0,short,0
56638.9,75.0,5,north,1.0,long,0
57834.23,23.0,1,west,1.0,short,1
88244.46,49.0,2,south,1.0,,0
86295.98,83.0,4,west,1.0,long,0
46270.28,,2,west,1.0,long,0
76366.51,32.0,4,west,1.0,long,0
50458.62,68.0,2,west,1.0,long,0
73652.33,31.0,1,south,1.0,long,0
76120.35,43.0,1,north,1.0,short,0
84841.86,32.0,0,north,1.0,short,0
50147.13,67.0,2,east,1.0,long,0
2293863.15,85.0,1,north,1.0,,0
22543.72,21.0,1,north,1.0,,0
85924.31,61.0,2,north,1.0,short,0
59499.67,35.0,5,south,1.0,short,0
59925.44,72.0,2,south,1.0,short,0
278434.21,28.0,4,south,1.0,long,0
1485108.65,44.0,7,east,1.0,short,0
87109.59,32.0,5,west,1.0,long,0
51465.96,80.0,6,east,1.0,long,0
74269.26,23.0,3,east,1.0,long,0
60691.1,59.0,2,north,1.0,short,0
81253.38,,2,north,1.0,long,0
63830.02,,3,north,1.0,long,0
41363.77,73.0,0,west,1.0,short,0
61129.01,,1,north,1.0,long,0
92024.34,20.0,2,west,1.0,long,0
822966.88,73.0,4,west,1.0,long,0
57671.07,,3,west,1.0,long,0
105114.88,67.0,4,south,1.0,short,0
83184.31,87.0,1,north,1.0,short,0
76334.68,26.0,3,north,1.0,short,1
66346.85,44.0,4,west,1.0,short,0
74605.48,,3,south,1.0,short,0
75254.64,,5,south,1.0,long,0
482650.51,36.0,5,north,1.0,long,0
67898.72,57.0,1,south,1.0,long,0
56783.88,89.0,1,south,1.0,long,0
50004.47,39.0,4,east,1.0,long,0
56091.25,45.0,5,west,1.0,short,0
28883.03,75.0,6,south,1.0,,0
23907.8,,7,south,1.0,short,0
84930.05,,7,south,1.0,short,0
69243.16,,4,north,1.0,long,0
11739.76,46.0,2,north,1.0,short,0
48472.31,59.0,3,north,1.0,short,0
77611.03,33.0,2,north,1.0,short,0
54399.71,,3,north,1.0,short,0
84900.1,,6,north,1.0,long,0
80995.04,77.0,2,west,1.0,short,0
32865.78,86.0,2,north,1.0,short,0
57133.52,67.0,2,east,1.0,short,1
51038.21,59.0,4,north,1.0,long,0
32215.23,33.0,1,south,1.0,,0
30914.51,29.0,5,east,1.0,long,0
43879.57,56.0,3,east,1.0,long,0
47181.49,,4,west,1.0,,0
65664.6,74.0,0,south,1.0,long,0
80884.27,18.0,2,east,1.0,,0
70272.9,,5,south,1.0,,1
75007.44,30.0,2,south,1.0,short,0
54667.64,46.0,7,south,1.0,short,0
72060.0,43.0,2,west,1.0,long,0
57032.5,84.0,2,west,1.0,short,0
51170.55,,0,south,1.0,short,0
97942.02,20.0,4,east,1.0,long,0
13390.48,,2,west,1.0,short,0
22533.91,66.0,1,south,1.0,short,0
67654.0,,5,south,1.0,short,0
54700.35,74.0,3,west,1.0,short,0
31260.31,20.0,4,south,1.0,,0
38907.78,48.0,3,north,1.0,short,0
41511.88,29.0,4,east,1.0,long,0
77846.73,18.0,3,north,1.0,long,0
84248.21,58.0,3,east,1.0,,0
92791.25,67.0,3,north,1.0,short,0
28219.78,,3,south,1.0,long,0
32657.53,,2,north,1.0,long,0
31287.47,54.0,3,east,1.0,short,0
949394.2,28.0,1,north,1.0,short,0
68344.49,,1,south,1.0,long,0
1361333.37,29.0,3,west,1.0,long,0
64592.57,21.0,3,west,1.0,long,0
58864.43,73.0,2,south,1.0,short,0
37577.16,61.0,1,east,1.0,long,0
70263.46,,0,south,1.0,long,0
56277.23,59.0,2,north,1.0,short,0
35993.57,52.0,4,north,1.0,short,0
1018692.78,26.0,2,west,1.0,long,0
51484.25,,3,north,1.0,long,0
64549.67,,2,south,1.0,long,0
57500.42,72.0,4,north,1.0,short,1
77827.58,76.0,1,west,1.0,short,0
64403.26,57.0,2,north,1.0,long,0
42326.0,75.0,4,east,1.0,short,0
66440.06,56.0,3,south,1.0,long,0
67093.77,,3,east,1.0,long,0
70226.66,30.0,7,north,1.0,long,0
80717.49,79.0,1,north,1.0,short,0
47680.34,50.0,2,north,1.0,,0
73358.71,70.0,1,east,1.0,long,0
25503.66,28.0,1,east,1.0,short,0
57600.3,,1,west,1.0,long,0
665407.01,24.0,3,west,1.0,long,0
88956.9,33.0,4,west,1.0,short,0
56873.29,25.0,2,north,1.0,long,0
72159.78,32.0,2,east,1.0,short,0
24764.43,61.0,6,east,1.0,short,0
52964.84,18.0,4,east,1.0,long,0
43072.8,31.0,5,east,1.0,short,0
2339077.83,67.0,5,east,1.0,long,1
46664.06,28.0,3,east,1.0,short,0
61465.58,,5,east,1.0,short,0
62531.52,80.0,2,east,1.0,short,0
28210.43,74.0,1,north,1.0,long,0
49479.29,26.0,7,east,1.0,,1
68095.33,,5,north,1.0,short,0
61714.45,68.0,3,west,1.0,long,0
13991.78,42.0,2,west,1.0,short,0
48660.17,48.0,3,north,1.0,short,0
2304811.95,,2,west,1.0,short,1
71764.46,59.0,5,south,1.0,long,0
84360.67,50.0,4,east,1.0,short,0
40287.05,19.0,5,east,1.0,long,0
85618.59,24.0,6,north,1.0,long,0
59111.88,18.0,4,west,1.0,short,0
91844.45,37.0,5,east,1.0,long,0
60066.09,76.0,3,south,1.0,short,0
19050.49,87.0,2,east,1.0,long,0
76985.09,52.0,2,west,1.0,long,0
51129.73,19.0,2,east,1.0,long,0
52475.41,23.0,3,east,1.0,short,0
30938.07,76.0,4,west,1.0,short,0
92443.99,42.0,3,east,1.0,,0
49577.98,81.0,2,north,1.0,long,0
91500.72,54.0,6,west,1.0,long,0
51375.14,81.0,5,west,1.0,short,0
41445.1,,3,east,1.0,short,0
86390.58,79.0,2,north,1.0,long,0
58533.31,57.0,3,east,1.0,long,0
1707082.58,49.0,3,north,1.0,,0
34367.48,56.0,0,west,1.0,short,0
50847.53,41.0,5,west,1.0,long,0
1019345.96,61.0,4,north,1.0,,0
34016.4,73.0,3,north,1.0,short,1
49218.25,,6,west,1.0,long,0
51591.07,88.0,2,west,1.0,long,0
61328.82,47.0,4,west,1.0,short,0
89591.19,,2,north,1.0,short,0
54000.94,,2,east,1.0,short,0
742527.73,,2,west,1.0,short,1
114927.41,52.0,3,north,1.0,short,0
51336.29,68.0,0,south,1.0,long,0
56186.84,50.0,2,south,1.0,short,0
52843.07,,0,east,1.0,short,0
54464.62,65.0,7,south,1.0,short,0
61555.1,47.0,1,south,1.0,long,0
78415.93,62.0,3,south,1.0,long,0
68079.75,18.0,1,north,1.0,long,0
81541.91,18.0,1,east,1.0,short,0
80880.57,61.0,1,east,1.0,long,0
64171.04,88.0,2,west,1.0,long,0
67526.24,64.0,2,east,1.0,short,0
82174.73,85.0,5,east,1.0,short,0
37775.8,79.0,4,south,1.0,long,0
109964.22,,3,south,1.0,short,0
49748.3,25.0,3,south,1.0,long,0
52980.7,58.0,3,west,1.0,long,0
35761.98,62.0,2,south,1.0,short,0
36356.98,73.0,1,west,1.0,,0
79480.68,55.0,2,south,1.0,short,0
105403.87,84.0,3,east,1.0,long,0
48655.2,78.0,2,south,1.0,short,0
66946.33,60.0,3,south,1.0,short,0
64403.33,57.0,2,west,1.0,short,0
80004.89,,1,east,1.0,short,0
104374.29,74.0,3,south,1.0,short,0
1968471.7,67.0,7,south,1.0,long,1
1235829.25,82.0,3,west,1.0,short,0
70575.35,24.0,2,north,1.0,long,0
72561.16,28.0,3,west,1.0,short,1
59598.19,66.0,5,east,1.0,long,0
38081.28,53.0,5,south,1.0,long,0
44024.48,60.0,2,east,1.0,short,0
82963.05,49.0,4,west,1.0,long,0
85026.16,,4,south,1.0,short,0
55848.65,65.0,2,south,1.0,long,0
827648.29,,1,west,1.0,short,0
83945.28,,3,south,1.0,long,0
25914.62,53.0,2,west,1.0,short,0
51072.95,59.0,1,west,1.0,long,0
100357.43,62.0,0,east,1.0,,0
65986.15,71.0,6,north,1.0,short,0
37415.68,39.0,5,north,1.0,,0
62345.65,18.0,4,south,1.0,short,0
80428.71,31.0,4,north,1.0,short,0
231852.03,87.0,4,west,1.0,,0
63525.72,34.0,2,east,1.0,long,0
52551.71,,4,south,1.0,short,0
786027.05,79.0,4,west,1.0,long,1
61638.55,34.0,3,north,1.0,short,0
57270.4,51.0,4,east,1.0,long,0
59518.19,44.0,5,south,1.0,long,0
53034.79,65.0,1,north,1.0,short,0
39573.25,60.0,2,south,1.0,short,0
474397.94,55.0,3,north,1.0,long,0
46186.2,54.0,5,north,1.0,long,0
77185.04,,2,north,1.0,long,0
64661.41,59.0,4,north,1.0,short,0
58616.53,54.0,5,east,1.0,short,0
39204.64,,2,west,1.0,short,1
52521.7,24.0,2,south,1.0,,0
74743.15,78.0,4,east,1.0,short,0
70095.68,32.0,0,north,1.0,,0
50456.02,41.0,4,west,1.0,,0
7771.96,,5,east,1.0,long,0
46503.05,,3,south,1.0,long,0
50346.11,77.0,2,west,1.0,short,0
41857.88,,4,south,1.0,short,0
51736.48,65.0,3,south,1.0,long,0
76331.0,46.0,1,west,1.0,short,0
59254.07,72.0,2,north,1.0,long,0
79793.92,89.0,1,east,1.0,long,0
29832.56,,5,east,1.0,,1
53898.72,42.0,2,east,1.0,short,0
21219.56,77.0,4,west,1.0,,0
51468.45,20.0,2,south,1.0,long,1
39086.85,89.0,5,north,1.0,long,0
85625.06,,1,south,1.0,long,0
68194.24,65.0,1,north,1.0,long,0
80296.59,,2,east,1.0,,0
51413.04,36.0,4,east,1.0,short,1
39605.64,,3,west,1.0,long,0
38968.74,25.0,3,south,1.0,short,0
65308.79,,4,west,1.0,long,1
96203.23,60.0,4,west,1.0,,1
1318533.59,,2,west,1.0,long,0
52504.65,,1,east,1.0,long,0
56224.58,,8,north,1.0,,0
59373.99,,2,north,1.0,long,0
100532.85,42.0,1,west,1.0,short,0
84672.17,39.0,3,west,1.0,short,0
65199.18,,8,west,1.0,long,0
62194.64,69.0,4,east,1.0,long,0
65987.07,27.0,4,west,1.0,short,0
69885.51,50.0,3,south,1.0,long,0
51736.04,49.0,3,north,1.0,short,0
43118.42,38.0,3,south,1.0,long,0
80644.41,35.0,3,west,1.0,short,0
60439.65,78.0,5,east,1.0,long,0
78974.56,49.0,2,west,1.0,short,0
92923.17,59.0,1,west,1.0,short,1
70412.29,20.0,4,west,1.0,long,0
67170.97,38.0,5,north,1.0,long,0
124004.86,34.0,2,north,1.0,short,0
64140.4,41.0,4,south,1.0,long,0
977973.68,78.0,1,north,1.0,long,0
54375.5,59.0,4,west,1.0,short,0
91033.69,,5,north,1.0,long,0
34116.65,,4,south,1.0,short,0
44950.81,73.0,3,east,1.0,long,0
82128.54,29.0,3,north,1.0,,0
54567.59,76.0,3,east,1.0,,0
57795.08,61.0,2,north,1.0,short,0
81467.46,,4,west,1.0,,0
45663.58,67.0,1,east,1.0,short,0
30627.95,52.0,1,south,1.0,short,0
32222.28,18.0,1,east,1.0,long,0
71635.61,78.0,3,south,1.0,short,0
65182.64,,3,north,1.0,long,0
46148.67,61.0,4,north,1.0,long,0
36824.17,59.0,4,north,1.0,long,0
54588.54,24.0,6,east,1.0,long,0
82330.35,41.0,5,east,1.0,short,0
43283.64,68.0,2,south,1.0,short,0
46746.32,,4,east,1.0,short,0
36189.57,81.0,3,south,1.0,short,0
52651.74,,2,north,1.0,short,0
66761.58,51.0,0,east,1.0,long,0
102303.38,50.0,3,south,1.0,short,0
64355.63,19.0,1,east,1.0,,0
58926.44,76.0,1,east,1.0,long,0
77258.73,27.0,5,north,1.0,long,0
73924.31,51.0,2,north,1.0,,0
48446.78,83.0,7,north,1.0,short,0
106041.2,89.0,4,north,1.0,short,0
59512.33,,0,north,1.0,long,1
64727.51,45.0,4,west,1.0,long,0
71026.97,58.0,1,west,1.0,short,0
66917.45,,1,west,1.0,short,0
90507.95,36.0,2,south,1.0,short,0
1293533.35,57.0,3,south,1.0,short,0
2193028.82,78.0,1,south,1.0,short,0
63291.37,72.0,2,west,1.0,short,0
79654.46,77.0,3,south,1.0,long,0
55700.29,81.0,5,east,1.0,short,0
52991.69,80.0,1,north,1.0,short,0
74641.47,,5,west,1.0,short,0
67159.87,88.0,1,east,1.0,short,0
43594.11,53.0,2,west,1.0,long,0
86912.25,69.0,5,south,1.0,long,0
74650.19,85.0,3,east,1.0,long,0
58515.92,,8,south,1.0,short,0
50635.38,85.0,3,south,1.0,long,0
1591914.66,77.0,3,south,1.0,long,0
73209.7,,5,north,1.0,long,0
28118.5,73.0,4,south,1.0,long,0
67513.62,29.0,5,east,1.0,short,0
73051.09,,1,north,1.0,long,0
12951.03,18.0,4,south,1.0,long,0
63923.79,61.0,4,north,1.0,short,0
73892.18,49.0,2,east,1.0,short,0
71617.57,,5,south,1.0,short,0
76048.97,,4,north,1.0,short,0
53448.67,77.0,3,east,1.0,short,0
39201.87,23.0,2,west,1.0,short,1
24005.11,,7,west,1.0,short,0
81844.46,44.0,1,west,1.0,long,0
74061.31,,5,north,1.0,short,1
83369.78,59.0,3,north,1.0,short,1
45497.17,49.0,3,west,1.0,long,0
76076.73,,1,east,1.0,short,0
29946.38,31.0,5,east,1.0,short,0
42610.13,70.0,3,west,1.0,short,0
62519.54,41.0,2,north,1.0,short,0
73264.15,34.0,0,east,1.0,short,0
93580.25,,3,east,1.0,short,0
55198.72,,3,west,1.0,short,0
42685.01,46.0,6,south,1.0,short,0
41657.02,43.0,3,east,1.0,long,0
46243.08,44.0,4,west,1.0,long,0
104420.54,61.0,3,south,1.0,,0
75137.47,52.0,4,north,1.0,,0
1418598.22,57.0,3,south,1.0,long,0
55220.29,38.0,4,east,1.0,long,0
877167.2,39.0,2,south,1.0,short,0
73985.29,80.0,2,east,1.0,short,0
49884.02,,2,south,1.0,short,0
54173.84,88.0,3,north,1.0,long,0
46505.91,78.0,5,west,1.0,long,0
51050.15,69.0,2,west,1.0,short,0
60979.57,57.0,3,east,1.0,long,0
43565.8,78.0,5,south,1.0,short,0
65719.58,22.0,1,south,1.0,short,0
65691.63,53.0,3,south,1.0,long,1
56415.03,69.0,4,south,1.0,long,0
643980.18,,7,north,1.0,short,0
62099.26,31.0,2,south,1.0,long,0
49901.91,,2,south,1.0,,0
1273082.9,,2,south,1.0,short,0
1390641.83,,4,south,1.0,long,1
34941.2,51.0,4,east,1.0,,0
103469.73,21.0,3,west,1.0,short,0
58549.53,53.0,3,south,1.0,short,0
68236.79,81.0,2,north,1.0,short,0
44945.0,20.0,2,west,1.0,,0
82844.23,,3,north,1.0,short,0
1595560.61,37.0,1,west,1.0,short,0
52117.63,23.0,1,east,1.0,short,0
48489.7,21.0,4,east,1.0,long,0
54630.16,18.0,4,south,1.0,short,0
68366.95,47.0,4,east,1.0,long,0
63456.21,,2,east,1.0,short,0
59202.81,62.0,5,west,1.0,long,0
45771.57,23.0,1,north,1.0,long,0
44616.53,,7,north,1.0,,0
50782.51,,4,south,1.0,short,0
69205.51,22.0,0,north,1.0,long,0
73245.2,66.0,1,west,1.0,short,0
75940.88,26.0,3,north,1.0,short,0
59970.66,,2,north,1.0,short,0
67671.24,65.0,3,south,1.0,short,0
56630.99,80.0,3,south,1.0,short,0
25154.04,56.0,4,south,1.0,short,0
55681.46,49.0,1,east,1.0,long,1
52493.47,,2,east,1.0,long,0
39219.1,33.0,6,west,1.0,long,0
48652.12,,2,south,1.0,long,0
62701.83,51.0,2,west,1.0,short,0
37335.06,26.0,7,north,1.0,long,0
45784.29,19.0,4,north,1.0,,1
90958.04,,5,south,1.0,short,0
27945.87,28.0,3,north,1.0,,0
56336.36,,2,north,1.0,long,0
36673.81,57.0,4,south,1.0,long,0
44967.26,,2,east,1.0,long,0
56045.26,53.0,1,south,1.0,short,0
40248.48,25.0,3,south,1.0,long,0
71478.61,,7,north,1.0,long,0
87023.01,,0,north,1.0,long,0
1698412.19,,2,west,1.0,long,0
80492.26,66.0,4,north,1.0,short,0
32405.29,89.0,8,east,1.0,long,0
55138.58,39.0,4,east,1.0,long,0
69348.42,37.0,3,north,1.0,long,0
77423.82,66.0,3,north,1.0,long,0
95067.06,,5,south,1.0,short,0
81380.79,,3,east,1.0,,0
77929.77,,5,north,1.0,short,1
112671.91,,1,west,1.0,short,0
61926.18,64.0,4,south,1.0,short,0
54218.83,,2,south,1.0,short,0
63547.16,,2,west,1.0,,1
41698.94,,4,north,1.0,short,1
61352.68,46.0,7,west,1.0,short,0
25462.96,,3,east,1.0,long,0
49409.62,73.0,4,south,1.0,long,0
57693.32,27.0,4,north,1.0,short,0
78992.71,25.0,2,north,1.0,short,0
82221.81,78.0,2,west,1.0,long,0
40727.66,43.0,4,south,1.0,short,0
101520.67,27.0,2,west,1.0,short,0
62967.47,88.0,7,west,1.0,long,0
64800.9,38.0,5,south,1.0,short,0
27646.13,63.0,3,south,1.0,long,0
47598.85,,4,south,1.0,,0
80996.48,59.0,1,east,1.0,long,0
63395.57,68.0,1,east,1.0,short,0
1538914.65,72.0,4,south,1.0,short,0
64543.44,47.0,3,east,1.0,short,0
31135.91,62.0,3,east,1.0,short,0
58067.83,78.0,4,north,1.0,long,0
88166.61,78.0,4,east,1.0,long,0
81734.15,71.0,6,west,1.0,long,0
57496.01,46.0,2,west,1.0,long,0
91273.37,,1,south,1.0,short,0
34818.03,,2,north,1.0,short,0
40566.05,35.0,2,west,1.0,short,0
97272.45,,4,west,1.0,long,0
71559.46,75.0,2,west,1.0,long,0
54222.25,52.0,4,south,1.0,long,0
58893.63,80.0,3,south,1.0,short,0
43867.38,,3,east,1.0,short,0
65531.85,,4,south,1.0,long,0
63947.77,64.0,4,west,1.0,long,0
60397.69,21.0,4,south,1.0,long,0
814642.09,77.0,1,south,1.0,,0
65295.12,,5,west,1.0,long,0
49409.77,34.0,2,south,1.0,long,1
40280.45,68.0,4,north,1.0,short,0
85334.85,54.0,2,west,1.0,short,0
103394.43,85.0,2,south,1.0,long,0
98852.4,39.0,1,east,1.0,long,1
73002.46,36.0,1,east,1.0,long,0
54688.3,22.0,4,north,1.0,long,0
58592.89,74.0,3,north,1.0,short,0
68112.05,88.0,2,west,1.0,short,0
51595.04,67.0,2,north,1.0,,0
86376.2,44.0,1,south,1.0,long,0
19285.45,81.0,5,west,1.0,short,0
1300207.85,36.0,5,north,1.0,short,1
76021.43,67.0,1,east,1.0,short,0
43096.81,60.0,2,north,1.0,long,0
55197.02,79.0,1,east,1.0,long,0
2093245.51,87.0,2,east,1.0,long,0
90365.38,,6,north,1.0,short,0
34121.23,24.0,4,south,1.0,short,1
32638.51,,2,east,1.0,short,0
41079.4,71.0,1,west,1.0,long,0
29249.28,44.0,3,east,1.0,short,1
30672.43,28.0,2,east,1.0,long,0
40546.78,76.0,5,south,1.0,long,0
84669.87,64.0,5,north,1.0,long,0
53758.46,27.0,5,west,1.0,long,0
60627.5,69.0,1,west,1.0,long,0
40890.71,63.0,1,north,1.0,long,0
72670.74,88.0,0,south,1.0,short,0
97515.28,,4,south,1.0,long,0
42247.4,88.0,1,north,1.0,short,0
94494.97,82.0,3,west,1.0,short,0
67288.49,75.0,5,north,1.0,short,0
60337.27,66.0,6,north,1.0,long,0
68002.48,57.0,5,south,1.0,long,0
67810.53,75.0,2,west,1.0,short,0
97142.09,87.0,1,north,1.0,long,0
70404.41,,0,south,1.0,short,1
70822.14,27.0,4,east,1.0,short,0
51570.0,53.0,3,north,1.0,long,0
76781.54,39.0,6,north,1.0,,0
40863.06,56.0,3,north,1.0,long,0
62180.08,,6,north,1.0,long,0
117665.67,,3,south,1.0,long,1
100787.93,82.0,7,west,1.0,long,0
64662.94,,0,west,1.0,long,0
1178045.06,73.0,2,east,1.0,,0
55438.22,25.0,3,west,1.0,short,0
55909.61,75.0,2,north,1.0,long,0
61828.2,68.0,7,east,1.0,short,1
54959.93,69.0,2,south,1.0,long,0
64439.59,53.0,2,north,1.0,long,0
50247.79,25.0,2,east,1.0,short,0
100447.86,78.0,5,south,1.0,long,0
54959.73,25.0,1,west,1.0,short,0
1704116.01,,2,south,1.0,long,1
46619.28,30.0,3,south,1.0,,0
78662.86,78.0,1,north,1.0,,0
74669.36,59.0,6,south,1.0,long,0
68385.2,54.0,2,north,1.0,short,0
39453.29,40.0,5,east,1.0,long,0
44951.94,,4,south,1.0,short,0
93723.46,,4,south,1.0,long,0
44730.53,69.0,0,south,1.0,short,0
72818.04,87.0,3,west,1.0,short,0
41106.57,37.0,4,east,1.0,long,0
1104796.7,67.0,7,west,1.0,short,0
46272.05,40.0,4,south,1.0,long,0
40736.24,84.0,4,south,1.0,short,0
45753.15,82.0,1,north,1.0,long,0
48923.95,40.0,2,east,1.0,long,0
68093.47,34.0,2,north,1.0,long,0
61387.67,23.0,8,west,1.0,long,0
38096.88,,5,east,1.0,long,0
59441.06,84.0,3,south,1.0,long,0
37129.97,,1,east,1.0,short,0
72871.15,76.0,2,west,1.0,short,0
76538.06,72.0,4,north,1.0,,0
59521.05,,7,east,1.0,,0
65433.07,34.0,6,west,1.0,short,1
95042.48,65.0,3,east,1.0,long,0
56847.94,,2,east,1.0,long,0
41114.84,76.0,6,east,1.0,long,1
71583.9,58.0,3,north,1.0,short,0
37346.92,21.0,3,west,1.0,long,0
55788.62,32.0,5,south,1.0,long,0
48020.2,,2,south,1.0,long,0
45963.6,53.0,4,west,1.0,short,1
54998.25,43.0,7,north,1.0,short,0
77997.83,81.0,4,south,1.0,,0
82113.38,38.0,4,east,1.0,long,0
78524.12,66.0,2,north,1.0,short,0
66727.08,44.0,5,east,1.0,long,0
54845.67,89.0,1,east,1.0,long,0
12843.5,83.0,2,south,1.0,short,0
67353.22,74.0,2,north,1.0,short,0
14413.37,73.0,4,south,1.0,long,0
21532.65,,4,west,1.0,long,0
56766.65,60.0,1,east,1.0,long,0
65291.54,,3,west,1.0,long,0
50978.3,,2,east,1.0,long,0
90710.62,85.0,4,west,1.0,short,0
69242.03,88.0,4,west,1.0,,0
55011.84,55.0,3,east,1.0,long,0
87726.2,80.0,4,south,1.0,long,0
91302.27,46.0,4,east,1.0,long,0
70251.17,26.0,2,west,1.0,long,0
44494.85,,4,south,1.0,short,1
1152968.18,,4,south,1.0,long,0
31065.23,,1,west,1.0,long,1
59151.66,33.0,2,east,1.0,long,0
38999.17,,1,north,1.0,long,0
609903.82,66.0,4,south,1.0,long,0
65212.01,27.0,2,south,1.0,long,0
20325.83,89.0,5,south,1.0,short,0
34725.17,61.0,2,west,1.0,long,0
49863.04,30.0,4,west,1.0,,0
58949.45,71.0,2,west,1.0,long,1
50122.18,81.0,1,east,1.0,long,0
54589.64,44.0,2,east,1.0,short,0
45876.26,61.0,0,east,1.0,long,0
31012.0,,6,south,1.0,short,0
49304.98,28.0,2,north,1.0,long,0
55736.63,56.0,5,north,1.0,short,0
53792.2,58.0,1,east,1.0,short,0
62235.92,39.0,2,east,1.0,long,0
68377.89,39.0,6,south,1.0,long,0
73634.52,63.0,4,north,1.0,short,0
47328.98,72.0,2,north,1.0,short,0
28484.06,46.0,2,south,1.0,short,0
85431.93,,6,west,1.0,short,0
67708.92,74.0,4,south,1.0,long,0
40906.75,,3,west,1.0,long,0
65554.1,18.0,2,west,1.0,short,0
81359.89,,2,west,1.0,long,0
94583.53,76.0,9,west,1.0,short,0
65012.21,,5,north,1.0,long,0
81193.41,40.0,1,west,1.0,long,1
35807.96,55.0,2,west,1.0,long,1
59281.94,87.0,2,west,1.0,long,0
53299.75,69.0,1,north,1.0,,0
66851.4,72.0,2,south,1.0,long,0
92223.88,24.0,1,east,1.0,,0
64997.79,35.0,4,north,1.0,short,0
41246.19,25.0,5,west,1.0,long,1
34731.23,88.0,2,south,1.0,long,0
92915.6,42.0,4,north,1.0,short,0
70275.87,,1,south,1.0,long,0
1850958.72,,2,south,1.0,long,0
53125.37,,5,east,1.0,short,0
65357.24,21.0,5,east,1.0,short,0
40260.8,,4,south,1.0,short,0
1353878.22,,1,east,1.0,short,0
36502.6,84.0,5,west,1.0,short,0
52814.23,73.0,5,south,1.0,long,0
47142.14,68.0,1,south,1.0,long,0
-5147.35,68.0,0,north,1.0,long,0
53064.63,,5,south,1.0,short,0
42022.67,39.0,3,south,1.0,long,0
55792.2,,3,west,1.0,short,0
60034.46,66.0,2,north,1.0,short,0
1975778.19,34.0,2,east,1.0,long,0
1666487.92,75.0,3,west,1.0,short,0
66682.25,20.0,3,south,1.0,long,0
69912.28,82.0,3,north,1.0,short,1
77436.17,,2,east,1.0,short,0
69085.59,,1,east,1.0,short,0
1768844.7,,2,east,1.0,long,0
74224.94,,2,west,1.0,long,0
11467.31,39.0,3,north,1.0,long,0
2802923.45,52.0,4,north,1.0,,0
2204206.79,,3,south,1.0,short,0
64342.72,,5,east,1.0,short,0
31739.87,21.0,2,west,1.0,long,0
84207.01,51.0,0,east,1.0,,0
46122.47,43.0,4,north,1.0,short,0
2017362.26,,1,west,1.0,long,0
34341.89,71.0,2,south,1.0,short,0
104528.14,,3,west,1.0,long,0
31155.66,25.0,1,south,1.0,short,0
61379.72,89.0,3,west,1.0,long,0
17556.26,69.0,1,east,1.0,short,0
59175.55,,5,east,1.0,short,0
51494.3,72.0,4,west,1.0,short,1
82743.67,81.0,1,north,1.0,short,0
51492.41,58.0,4,south,1.0,long,0
82772.47,,6,north,1.0,short,0
452563.87,81.0,4,west,1.0,short,0
54360.77,,6,west,1.0,long,0
54761.76,86.0,3,west,1.0,short,0
69911.77,31.0,3,north,1.0,long,0
67367.49,20.0,1,south,1.0,,0
74444.5,64.0,5,south,1.0,long,0
65336.61,66.0,3,west,1.0,long,0
73226.3,58.0,1,west,1.0,short,0
608195.95,35.0,3,west,1.0,,0
67775.97,,2,west,1.0,short,0
92164.12,,7,west,1.0,short,0
26400.14,71.0,3,south,1.0,short,0
1880878.8,62.0,1,east,1.0,short,1
73535.6,,3,east,1.0,long,0
89223.73,69.0,5,north,1.0,long,0
74520.94,,2,west,1.0,long,0
62006.32,78.0,2,north,1.0,long,0
68601.46,21.0,4,west,1.0,short,0
45299.24,68.0,1,south,1.0,short,0
52240.64,60.0,1,north,1.0,long,0
33285.94,73.0,2,east,1.0,short,0
2324869.69,34.0,2,south,1.0,short,0
69003.15,61.0,4,south,1.0,long,0
41677.75,38.0,2,west,1.0,short,0
65427.14,,4,east,1.0,long,0
83186.95,59.0,3,east,1.0,long,0
1667446.29,,1,west,1.0,,0
41447.23,24.0,4,west,1.0,short,0
-2676.78,56.0,7,north,1.0,short,0
1964140.97,,7,south,1.0,,0
42262.61,69.0,1,west,1.0,short,0
72446.55,19.0,3,west,1.0,short,0
79005.41,25.0,1,north,1.0,long,0
82272.66,,6,north,1.0,long,0
94894.81,48.0,7,south,1.0,long,0
84727.14,20.0,4,east,1.0,,0
94990.98,36.0,3,west,1.0,short,0
87581.21,27.0,5,south,1.0,short,0
89324.35,58.0,2,north,1.0,long,0
59182.64,65.0,3,east,1.0,long,0
34213.47,46.0,1,north,1.0,short,0
109645.41,59.0,2,east,1.0,,0
65594.15,50.0,3,north,1.0,short,1
2113421.49,,8,north,1.0,short,0
55306.56,80.0,5,north,1.0,long,0
77491.52,50.0,4,west,1.0,long,0
109964.22,,3,south,1.0,short,0
80062.23,,2,south,1.0,short,0
67316.01,,1,west,1.0,short,0
73328.77,50.0,4,west,1.0,short,0
81380.79,,3,east,1.0,,0
58838.54,,2,north,1.0,long,0
53287.19,78.0,4,south,1.0,short,0
76957.04,63.0,5,south,1.0,long,1
38796.7,43.0,2,east,1.0,long,0
76363.82,51.0,7,north,1.0,short,0
47784.88,43.0,1,west,1.0,short,0
67288.49,75.0,5,north,1.0,short,0
44549.49,22.0,3,west,1.0,short,0
55274.95,71.0,4,south,1.0,long,0
28537.68,59.0,8,east,1.0,long,0
44730.53,69.0,0,south,1.0,short,0
87862.6,25.0,2,south,1.0,short,0
55214.2,18.0,4,south,1.0,long,0
83838.0,38.0,1,south,1.0,long,0
79295.86,67.0,8,east,1.0,,0
61871.97,44.0,4,east,1.0,long,0
52901.44,82.0,2,east,1.0,long,1
29409.24,,3,south,1.0,long,0
1300207.85,36.0,5,north,1.0,short,1
81146.58,63.0,1,east,1.0,short,1
55450.18,36.0,4,east,1.0,long,1
40490.54,51.0,3,north,1.0,short,0
58087.62,29.0,2,south,1.0,long,0
40280.45,68.0,4,north,1.0,short,0
67689.69,47.0,4,north,1.0,long,0
70272.9,,5,south,1.0,,1
58048.89,,3,east,1.0,short,0
46131.25,56.0,4,north,1.0,long,1
96600.98,67.0,5,south,1.0,long,0
61007.11,41.0,5,west,1.0,long,0
89321.45,32.0,3,east,1.0,short,0
57755.96,,1,north,1.0,long,0
66170.24,,5,north,1.0,long,0
56728.94,61.0,4,south,1.0,long,0
85389.93,39.0,6,south,1.0,short,0
58158.63,37.0,6,south,1.0,long,0
36356.98,73.0,1,west,1.0,,0
48660.17,48.0,3,north,1.0,short,0
47598.85,,4,south,1.0,,0
45049.57,59.0,6,east,1.0,long,0
67367.49,20.0,1,south,1.0,,0
48142.75,25.0,1,west,1.0,long,0
85334.85,54.0,2,west,1.0,short,0
28297.3,29.0,3,east,1.0,long,0
64889.31,,2,west,1.0,long,0
69624.97,42.0,4,east,1.0,short,0
49409.77,34.0,2,south,1.0,long,1
60979.57,57.0,3,east,1.0,long,0
4258.64,82.0,2,north,1.0,short,0
24005.11,,7,west,1.0,short,0
1666487.92,75.0,3,west,1.0,short,0
52842.44,71.0,1,east,1.0,short,0
62805.3,21.0,5,east,1.0,,0
71604.48,78.0,3,west,1.0,short,0
51657.17,64.0,3,east,1.0,long,0
70129.34,23.0,7,north,1.0,short,0
69129.01,64.0,6,north,1.0,short,0
56843.7,32.0,2,west,1.0,long,0
76269.9,84.0,2,north,1.0,long,0
56553.97,,2,east,1.0,short,0
76784.62,54.0,4,east,1.0,long,0
39827.36,38.0,0,east,1.0,short,0
27317.08,86.0,1,north,1.0,short,0
1039490.15,24.0,2,north,1.0,short,0
991415.94,69.0,3,north,1.0,short,0
565756.91,58.0,3,north,1.0,short,0
61129.01,,1,north,1.0,long,0
55700.16,,4,south,1.0,long,0
70478.24,59.0,2,north,1.0,long,0
89641.38,41.0,4,west,1.0,short,0
38336.74,82.0,5,east,1.0,long,0
76229.87,34.0,3,east,1.0,,0
72031.78,56.0,1,south,1.0,short,0
44232.07,,0,west,1.0,long,0
43096.81,60.0,2,north,1.0,long,0
41447.23,24.0,4,west,1.0,short,0
109588.07,30.0,2,west,1.0,long,0
59708.2,61.0,3,east,1.0,long,0
40727.66,43.0,4,south,1.0,short,0
60616.21,,8,east,1.0,short,0
786027.05,79.0,4,west,1.0,long,1
